,Game Name,Developer,Genre,Rating,Ratings Count,Reviews,Installs,Real Installs,Price,Free,Content Rating,Released,Updated,Version,Developer Website
0,The Eminence in Shadow RPG,"Crunchyroll Games, LLC",Role Playing,4.3586097,37472.0,3017.0,"1,000,000+",1719752,0.0,True,Teen,"Nov 29, 2022",1782341824.0,4.9.0,https://www.crunchyroll.com/games/eminenceinshadow/index.html
1,Quiz Blitz: Test Brain Game,Quiz & Trivia Games by Mno Go Apps,Trivia,4.8140845,37460.0,310.0,"500,000+",505749,0.0,True,Everyone,"May 1, 2026",1778244916.0,2.8.035,https://quizblitz.mnogoteams.com/
2,Disney Speedstorm,Gameloft SE,Racing,4.1526585,42165.0,1589.0,"1,000,000+",4828185,0.0,True,Everyone,"Jul 11, 2024",1780416212.0,1.19.0d,http://www.gameloft.com/
3,Alto's Odyssey,Noodlecake,Action,4.549542,285231.0,9249.0,"10,000,000+",29405049,0.0,True,Everyone,"Jul 25, 2018",1760636395.0,1.0.42,http://www.noodlecake.com/games/altos-odyssey/
4,Battle Bag: War Zone,VOODOO,Strategy,3.9685535,12317.0,544.0,"1,000,000+",2654797,0.0,True,Everyone 10+,"Apr 25, 2025",1781114388.0,1.90.61,https://www.voodoo.io/
5,Google Play Games,Google LLC,Entertainment,3.9483151,13180652.0,201529.0,"5,000,000,000+",6094258292,0.0,True,Teen,"Jul 24, 2013",1778145342.0,Varies with device,http://play.google.com/store/apps/category/GAME
6,The Castles Of Burgundy,DIGIDICED,Board,4.29,575.0,72.0,"10,000+",22332,9.99,False,Everyone,"Feb 27, 2019",1768990602.0,111,http://www.digidiced.com
7,Asphalt Legends - Racing Game,Gameloft SE,Racing,4.351516,2855866.0,71750.0,"100,000,000+",163929700,0.0,True,Everyone 10+,"Jul 25, 2018",1781617433.0,Varies with device,http://www.gameloft.com/
8,CSR 2 Realistic Drag Racing,Zynga,Racing,4.636288,5305181.0,656896.0,"50,000,000+",79774968,0.0,True,Teen,"Jun 29, 2016",1783337135.0,6.5.2,https://www.zynga.com/
9,Just Dance Now,Ubisoft Entertainment,Music,3.8622425,1148044.0,42990.0,"50,000,000+",61744045,0.0,True,Everyone 10+,"Sep 24, 2014",1781489191.0,9.4.0,http://www.justdancenow.com/
10,Duet Cats: Music & Meow Game,AMANOTES PTE. LTD.,Casual,4.4416356,102973.0,6106.0,"50,000,000+",56188540,0.0,True,Everyone,"Nov 16, 2022",1783036050.0,2.0.02,https://amanotes.com/
11,Flower Forest - Word Puzzle,SkySoft Studio,Puzzle,4.4304934,66693.0,397.0,"1,000,000+",4018019,0.0,True,Everyone,"May 3, 2026",1783076936.0,0.8.0,https://cellsoft.vn/
12,MadOut 2: Grand Auto Racing,MadOut Games LLC FZ,Racing,4.213592,1181487.0,11868.0,"100,000,000+",146235238,0.0,True,Mature 17+,"May 1, 2017",1783068357.0,20.20,http://madoutgames.com/
13,Hi Beatz: Music & Rhythm Game,Fun Tap X,Music,4.630137,5017.0,560.0,"100,000+",183303,0.0,True,Teen,"Nov 27, 2025",1776772367.0,0.2.0,https://www.funtapx.com/
14,Payback 2 - The Battle Sandbox,Apex Designs Games LLP,Arcade,4.526305,2249838.0,28700.0,"100,000,000+",392786460,0.0,True,Teen,"Oct 10, 2014",1756310485.0,2.106.16,http://www.apex-designs.net
15,Tongits Zingplay - Card Game,VNG ZingPlay Studio,Card,3.93,100104.0,50.0,"10,000,000+",16450859,0.0,True,Teen,"May 19, 2022",1781682285.0,4.27,https://www.facebook.com/tongits.zingplay.ph/
16,Royal Kingdom,"Dream Games, Ltd.",Puzzle,4.613334,2400199.0,25400.0,"50,000,000+",95670914,0.0,True,Everyone,"Nov 20, 2024",1782489265.0,31286,https://www.dreamgames.com
17,PlayJoy - Multiplayer games,PlayJoy Games,Board,4.22,22285.0,85.0,"1,000,000+",2704883,0.0,True,Teen,"May 21, 2019",1783078751.0,2.11.0,https://playjoy.com/
18,Paradigm: Reboot,TunerGames,Music,4.154762,1159.0,38.0,"100,000+",125398,0.0,True,Teen,"Dec 16, 2022",1781641020.0,4.8,https://paradigm.tunergames.com
19,Retro Bowl,New Star Games Ltd,Sports,4.58087,509125.0,171993.0,"5,000,000+",9844022,0.0,True,Everyone,"Jan 17, 2020",1779271880.0,1.6.46,http://www.newstargames.com
20,Plants vs. Zombies™ 2,ELECTRONIC ARTS,Casual,3.7559364,671892.0,200611.0,"10,000,000+",27551915,0.0,True,Everyone,"Oct 10, 2013",1779935317.0,13.2.1,http://ea.com/android
21,Cyberika: Action Cyberpunk RPG,Brickworks Games Ltd,Role Playing,4.5271583,224112.0,4187.0,"10,000,000+",18557271,0.0,True,Teen,"Apr 5, 2021",1773740420.0,2.5.2-rc900,http://cyberika.online
22,Beach Buggy Racing,Vector Unit,Racing,4.510064,3012221.0,35161.0,"100,000,000+",356440042,0.0,True,Everyone,"Sep 16, 2014",1779138148.0,2026.05.18,http://www.vectorunit.com
23,Rainbow Six Mobile,Ubisoft Nova,Action,4.516879,122898.0,4237.0,"10,000,000+",13569522,0.0,True,Teen,"Feb 23, 2026",1780001811.0,2.1.100,https://ubisoft-mobile.helpshift.com/hc/app/45-rainbow-six-mobile/
24,World Cricket League T20 2026,Route Games LTD,Sports,,,,"100,000+",389138,0.0,True,Teen,,,Varies with device,https://routegameltd.blogspot.com
25,TRIVIA STAR Quiz Games Offline,Super Free,Trivia,4.770235,396919.0,47156.0,"10,000,000+",31850460,0.0,True,Everyone,"Mar 3, 2020",1781491995.0,1.413,https://superfree.com/
26,Last Day on Earth: Survival,KEFIR,Action,4.3552213,4750259.0,177210.0,"100,000,000+",138910225,0.0,True,Teen,"May 24, 2017",1781868763.0,1.49.5,https://www.kefircyprus.com/
27,Montadinhas do Grau,PH_Games,Racing,4.7777777,7830.0,2.0,"1,000,000+",1823028,0.0,True,Everyone,"Jan 7, 2025",1781557148.0,0.8,https://ea031c9b3.app-ads-txt.org
28,Candy Crush Soda Saga,King,Casual,4.57846,8865659.0,390522.0,"500,000,000+",617948024,0.0,True,Everyone,"Nov 11, 2014",1783090886.0,1.321.2,http://candycrushsodasaga.com
29,Piano Evo: Learn Songs & Music,GMobiler Apps,Music,4.75,312.0,3.0,"50,000+",76752,0.0,True,Everyone,"Apr 26, 2026",1779170081.0,1.0.2,https://gmobilerapps.com/
30,Astonishing Basketball Manager,Studio Zero Games,Sports,4.5446925,11954.0,1011.0,"500,000+",975748,0.0,True,Everyone,"Dec 13, 2020",1782654338.0,6.4.32,https://astonishing-sports.app/
31,Tennis Clash: Multiplayer Game,Wildlife Studios,Sports,4.619792,2276595.0,33704.0,"100,000,000+",166336641,0.0,True,Everyone,"Oct 23, 2019",1783110410.0,6.35.0,https://www.wildlifestudios.com/
32,Mountain Bike Xtreme,Pixel Joy,Racing,4.2706766,67573.0,633.0,"10,000,000+",42952616,0.0,True,Everyone,"Mar 31, 2018",1775559689.0,2.3,
33,The Walking Zombie 2: Shooter,Alda Games,Action,4.422409,1577503.0,33357.0,"50,000,000+",95766393,0.0,True,Teen,"Jun 27, 2019",1780484723.0,Varies with device,http://aldagames.com
34,EA SPORTS™ NBA LIVE Mobile,ELECTRONIC ARTS,Sports,4.138994,2613254.0,252626.0,"100,000,000+",156511123,0.0,True,Everyone,"Jul 5, 2016",1777399515.0,10.01.02,http://www.ea.com/android
35,War Sniper: FPS Shooting Game,Mobile Gaming Studios Ltd.,Action,4.8302994,613370.0,5633.0,"10,000,000+",38085841,0.0,True,Teen,"Feb 26, 2024",1783352298.0,500204,https://www.miniclip.com/
36,Stick War: Legacy,Max Games Studios,Strategy,4.802316,3157866.0,67684.0,"100,000,000+",337647296,0.0,True,Teen,"Jan 31, 2016",1777761167.0,2026.1.787,http://www.maxgames.com
37,Kahoot! Play & Create Quizzes,Kahoot!,Education,4.740363,855178.0,15625.0,"50,000,000+",98644097,0.0,True,Everyone,"Nov 1, 2012",1781789951.0,6.6.7,https://kahoot.com
38,88 Fortunes™ Casino Slot Games,SciPlay,Casino,4.4452696,296742.0,36668.0,"5,000,000+",9748263,0.0,True,Teen,"Mar 22, 2017",1782923521.0,4.30.00,https://www.sciplay.com/
39,Khan Academy Kids,Khan Academy,Education,4.6035066,55853.0,6342.0,"10,000,000+",11456077,0.0,True,Everyone,"Jul 10, 2018",1777694636.0,8.1.6,https://www.khanacademy.org/kids
40,Motor World: Bike Factory,Oh BiBi,Racing,4.1948423,30050.0,1336.0,"1,000,000+",2981490,0.0,True,Everyone,"Jul 8, 2016",1709069993.0,1.328,https://www.ohbibi.com
41,Slots Era - Jackpot Slots Game,Murka Games Limited,Casino,4.555961,773497.0,132314.0,"10,000,000+",13234522,0.0,True,Teen,"Nov 5, 2016",1782915689.0,2.76.0,https://murka.com
42,Ludo Go: Online Board Game,Comfun,Board,4.4,13823.0,32.0,"5,000,000+",9675186,0.0,True,Everyone,"Dec 15, 2023",1782957283.0,1.0.20260521,https://www.comfun.com/
43,TRIVIA 360: Quiz Game,Smart Owl Apps,Trivia,4.4377084,125756.0,4439.0,"10,000,000+",11194356,0.0,True,Everyone,"Jun 3, 2016",1761591331.0,2.5.0,http://www.owlgames.co/
44,Remixlive - Make Music & Beats,MIXVIBES,Music & Audio,4.381837,77015.0,4759.0,"10,000,000+",21896381,0.0,True,Everyone,"Oct 26, 2016",1778076365.0,8.6.2,http://www.mixvibes.com
45,SIEGE: World War II,Imperia Online JSC,Strategy,4.5376077,76457.0,3505.0,"5,000,000+",6778575,0.0,True,Everyone 10+,"Nov 20, 2018",1782455091.0,6.8.0,http://siegeworldwarii.com
46,Cross World: Word Riddles,Quiz & Trivia Games by Mno Go Apps,Word,4.8085938,27352.0,123.0,"100,000+",483001,0.0,True,Everyone,"Mar 11, 2026",1781010794.0,2.10.012,https://crossworld.mnogoteams.com/
47,Chess - Play and Learn Online,Chess.com,Board,4.6958,3245933.0,45583.0,"100,000,000+",139716641,0.0,True,Everyone,"Feb 1, 2010",1782924444.0,4.9.49-googleplay,https://www.chess.com/
48,AMUSEMENT ARCADE TOAPLAN,"TATSUJIN Co., Ltd.",Arcade,3.4375,144.0,8.0,"10,000+",48875,0.0,True,Teen,"Nov 7, 2024",1761265499.0,1.0.8,https://aat.tatsujin.tokyo/
49,Shadow Fight 4: Arena,NEKKI,Role Playing,4.685253,1837867.0,14199.0,"50,000,000+",90744651,0.0,True,Teen,"Nov 3, 2020",1783358597.0,1.9.80,http://www.nekki.com
50,Animation Throwdown: Epic CCG,Kongregate,Adventure,4.494956,582609.0,95563.0,"10,000,000+",15098312,0.0,True,Teen,"Sep 13, 2016",1782513935.0,1.178.0,https://www.animationthrowdowngame.com/
51,Clash of Critters,FARLIGHT,Casual,4.4556804,31208.0,3245.0,"1,000,000+",2812011,0.0,True,Everyone 10+,"May 16, 2026",1782811371.0,0.42.1,
52,Farm Heroes Saga,King,Casual,4.6390486,9850032.0,432534.0,"100,000,000+",429434863,0.0,True,Everyone,"Dec 10, 2013",1783328762.0,6.93.13,https://farmheroessaga.com
53,Simply Piano: Learn Piano Fast,Simply Ltd,Education,4.6321063,973318.0,37744.0,"50,000,000+",90351198,0.0,True,Everyone,"Feb 22, 2017",1782310486.0,7.31.6,https://www.hellosimply.com
54,HATSUNE MIKU: COLORFUL STAGE!,SEGA CORPORATION,Music,4.4707904,159705.0,9896.0,"10,000,000+",14706992,0.0,True,Everyone,"Dec 6, 2021",1782206199.0,5.4.0,https://www.colorfulstage.com/
55,Rebel Racing,Hutch Games,Racing,4.498787,753611.0,26045.0,"50,000,000+",72843448,0.0,True,Everyone,"Nov 5, 2019",1781716715.0,27.04.19313,https://www.hutch.io
56,DRAGON BALL Z DOKKAN BATTLE,Bandai Namco Entertainment Inc.,Action,4.573431,1295131.0,131543.0,"50,000,000+",91669273,0.0,True,Teen,"Jul 15, 2015",1782118748.0,6.4.0,https://www.bandainamcoent.co.jp/english/
57,Beach Buggy Racing 2,Vector Unit,Racing,4.487957,904750.0,10976.0,"100,000,000+",107516224,0.0,True,Everyone,"Dec 18, 2018",1779843178.0,2026.05.21,https://www.vectorunit.com
58,Among Us,Innersloth LLC,Action,3.9138846,13623412.0,528631.0,"500,000,000+",782248299,0.0,True,Everyone 10+,"Jun 15, 2018",1779305239.0,2026.6.5,https://www.innersloth.com
59,Shadow of Death: Offline Games,Brave HK Limited,Action,4.7321887,561532.0,13514.0,"10,000,000+",49385090,0.0,True,Teen,"Sep 11, 2017",1779698669.0,1.111.0.8,https://bravehk.com
60,New Star™ Soccer,New Star Publishing Ltd.,Sports,4.4400344,2340409.0,40981.0,"10,000,000+",32888109,0.0,True,Teen,"Mar 6, 2012",1764972451.0,4.32,http://www.newstargames.com
61,Hill Climb Racing 2,Fingersoft,Racing,4.4686446,4703830.0,146969.0,"100,000,000+",439573543,0.0,True,Everyone,"Nov 27, 2016",1782197244.0,1.73.5,https://www.fingersoft.com
62,Sonic Forces: PvP Race,SEGA,Adventure,4.4642124,1079525.0,65400.0,"100,000,000+",180000223,0.0,True,Everyone,"Nov 15, 2017",1782468850.0,7.2.0,http://www.sega.com
63,8 Ball Pool,Miniclip.com,Sports,4.7945313,31478109.0,983085.0,"1,000,000,000+",1318286738,0.0,True,Everyone,"Jan 23, 2013",1782805024.0,56.26.2,https://www.miniclip.com/
64,Football Strike: Online Soccer,Miniclip.com,Sports,4.747643,3668422.0,33133.0,"100,000,000+",329532910,0.0,True,Everyone,"Sep 13, 2017",1781536694.0,1.61.1,https://www.miniclip.com/
65,Gravity Rider: Space Bike Race,Vivid Games S.A.,Racing,4.4845996,113202.0,1632.0,"10,000,000+",38768263,0.0,True,Everyone,"Aug 12, 2018",1758104416.0,1.20.9,http://www.vividgames.com
66,1942 - Classic shooting games,FALCON GAME,Arcade,4.63914,87053.0,5862.0,"10,000,000+",12190987,0.0,True,Everyone,"Mar 8, 2018",1773919827.0,Varies with device,https://falcongames.com/
67,Outlaw Riders: Biker Wars,Bad Santas Inc.,Action,4.282799,16423.0,536.0,"500,000+",625422,0.0,True,Teen,"Oct 26, 2020",1776451778.0,0.5.8,
68,Evermore Arcade,Evermore Games LLC,Arcade,2.4951456,410.0,207.0,"50,000+",64777,0.0,True,Mature 17+,"Jan 4, 2026",1782927824.0,2.1.0,https://evermoregamesllc.com/
69,QuizDuel! Quiz & Trivia Game,MAG Interactive,Trivia,3.49,115976.0,201.0,"10,000,000+",11379468,0.0,True,Everyone,"Feb 27, 2020",1782986074.0,1.67.10,https://www.maginteractive.com/
70,Mob Control,VOODOO,Arcade,4.3455696,931268.0,41088.0,"100,000,000+",265756052,0.0,True,Everyone,"Apr 29, 2021",1782905413.0,3.18.4,https://www.voodoo.io/
71,OG Arcade - 150+ Retro Games,UserLAnd Technologies,Arcade,3.8536584,64.0,31.0,500+,950,4.99,False,Teen,"Aug 27, 2024",1764979083.0,25.12.05,https://userland.tech
72,World War 2－FPS Shooting Games,Edkon Games GmbH,Action,4.38041,557611.0,8544.0,"50,000,000+",70275798,0.0,True,Teen,"Apr 5, 2021",1782835987.0,5.03,http://www.edkongames.com/
73,Car games for kids & toddlers,Amaya Kids - learning games for 3-5 years old,Educational,3.82,7371.0,186.0,"10,000,000+",10589114,0.0,True,Everyone,"Dec 6, 2018",1782806538.0,2.31.0,https://amayakids.com
74,Glory of Generals 3 - WW2 SLG,EasyTech Games,Strategy,4.462963,31738.0,693.0,"1,000,000+",1670907,0.0,True,Everyone 10+,"Nov 18, 2020",1754360296.0,1.7.10,http://www.ieasytech.com/
75,Pokémon GO,"Niantic, Inc.",Adventure,3.6734664,15375006.0,996464.0,"500,000,000+",557212478,0.0,True,Everyone,"Jul 6, 2016",1782949316.0,0.417.2,http://pokemongo.nianticlabs.com/
76,Word Search Explorer,PlaySimple Games,Word,4.903982,1184032.0,22100.0,"50,000,000+",98829355,0.0,True,Everyone,"Nov 19, 2021",1781097747.0,1.280.1,https://playsimple.in
77,Zooba: Fun Battle Royale Games,Wildlife Studios,Action,4.6209884,1653964.0,30749.0,"100,000,000+",142101244,0.0,True,Everyone 10+,"Oct 2, 2019",1782770677.0,6.21.0,https://www.wildlifestudios.com/
78,GT Manager,The Tiny Digital Factory,Racing,4.368421,42491.0,806.0,"1,000,000+",3009979,0.0,True,Everyone,"Mar 18, 2021",1782994237.0,1.100.2,https://gtmanagermobile.com/
79,Clash Royale,Supercell,Strategy,4.469771,41519582.0,970598.0,"500,000,000+",627171704,0.0,True,Everyone 10+,"Mar 1, 2016",1782819349.0,150535020,https://help.supercellsupport.com/clash-royale/en/
80,Toon Blast,Peak,Puzzle,4.6344185,4605540.0,390272.0,"100,000,000+",130641142,0.0,True,Everyone,"Aug 25, 2017",1783089428.0,23027,https://peak.com/support/toonblast
81,Drive Zone: Car Simulator Game,Jet Games FZ-LLC,Racing,4.347826,252895.0,4807.0,"100,000,000+",105088118,0.0,True,Everyone,"Nov 30, 2023",1783074189.0,1.10.2,http://jetgamesdev.com/
82,Pixel Car Racer,Studio Furukawa,Racing,4.4766865,381845.0,25124.0,"10,000,000+",45595488,0.0,True,Everyone,"Jul 22, 2016",1707498101.0,1.2.5,http://www.pixelcarracer.com
83,Jetpack Joyride Classic,Halfbrick Studios,Arcade,2.74,3233.0,201.0,"1,000,000+",1092705,0.0,True,Everyone 10+,"Oct 17, 2023",1772404227.0,1.2.20,http://www.halfbrick.com/our-games/jetpack-joyride/
84,Mini Militia - War.io,Miniclip.com,Action,4.1904254,3976453.0,14313.0,"100,000,000+",307277082,0.0,True,Teen,"Mar 13, 2015",1725879002.0,5.6.0,https://www.miniclip.com/
85,Wordscapes: Word puzzle game,PeopleFun,Word,4.5858445,1408913.0,267035.0,"100,000,000+",129566096,0.0,True,Everyone,"Jun 14, 2017",1783018171.0,3.12.51,https://www.peoplefun.com
86,Worms Zone .io - Hungry Snake,CASUAL AZUR GAMES,Action,4.292371,3207221.0,7884.0,"500,000,000+",667675233,0.0,True,Everyone,"Apr 2, 2018",1782302404.0,Varies with device,https://aigames.ae/
87,Power Rangers: Legacy Wars,nWay Inc.,Action,3.7098315,450990.0,19214.0,"50,000,000+",69363012,0.0,True,Teen,"Mar 22, 2017",1779930657.0,3.8.7,http://playlegacywars.com
88,DomiNations,Big Huge Games.,Strategy,4.346438,816946.0,36525.0,"10,000,000+",20240320,0.0,True,Everyone 10+,"Apr 1, 2015",1781300323.0,13.1580.1581,https://bighugegames.com/support/
89,R-TYPE II,Dotemu,Arcade,4.3861384,6479.0,349.0,"100,000+",106218,1.99,False,Everyone,"Feb 12, 2014",1697459802.0,1.3.0,http://www.dotemu.com
90,Magic: The Gathering Arena,Wizards of the Coast LLC,Card,4.137709,289451.0,30161.0,"5,000,000+",8095894,0.0,True,Teen,"Mar 17, 2021",1782876869.0,2026.60.21.6585,https://magic.wizards.com/en/mtgarena-welcome
91,Cricket Manager League,Arcadon Gamelab,Sports,,,,"50,000+",69134,0.0,True,Everyone,,1782281944.0,0.13.4,https://arcadongames.com/
92,Zombie Hunter: Offline Games,VNGGames Studios,Action,4.4261317,203181.0,6329.0,"50,000,000+",51290577,0.0,True,Teen,"Apr 23, 2020",1782094229.0,1.102.1,http://deadtarget.com
93,Honkai: Star Rail,COGNOSPHERE PTE. LTD.,Adventure,3.7844398,516095.0,13857.0,"10,000,000+",36369488,0.0,True,Teen,"Apr 6, 2023",1779509320.0,4.3.0,https://hsr.hoyoverse.com/
94,Amusement Arcade 3D,Mouse Games,Arcade,4.248175,16607.0,868.0,"1,000,000+",4156085,0.0,True,Everyone,"Feb 26, 2017",1723609628.0,1.0.12,http://www2.mouse-games.com
95,Cash Tornado™ Slots - Casino,Zeroo Gravity Games,Casino,4.7961116,321948.0,40629.0,"10,000,000+",12724936,0.0,True,Teen,"May 10, 2019",1781256302.0,2.2.9,http://zeroogravitygames.com/
96,Offline Games No WiFi internet,Fun Offline Games,Casual,4.576054,624394.0,3107.0,"100,000,000+",165121651,0.0,True,Everyone 10+,"Aug 1, 2020",1782750908.0,3.57,http://720.media
97,Balloon Pop Kids Learning Game,Bebi Family: preschool learning games for kids,Educational,4.3472223,46103.0,6634.0,"5,000,000+",5537814,0.0,True,Everyone,"Jan 24, 2020",1782734483.0,19.01.25,http://bebi.family
98,Hits & More: Music Trivia Game,BBG Entertainment,Trivia,4.3333335,65.0,3.0,"10,000+",12320,0.0,True,Everyone,"Sep 30, 2024",1781690174.0,72,https://www.quizwithfritz.com/
99,Drift Max Pro Car Racing Game,Tiramisu,Racing,4.720506,2060690.0,40953.0,"100,000,000+",139011984,0.0,True,Everyone,"Dec 15, 2017",1781005616.0,Varies with device,https://www.tiramisu.game/
100,Asphalt 8 - Car Racing Game,Gameloft SE,Racing,4.5838695,11948162.0,285981.0,"500,000,000+",568843527,0.0,True,Everyone 10+,"Aug 20, 2013",1783079467.0,9.0.1e,http://www.gameloft.com/
101,Piano Kids - Music & Songs,Orange Studios Games,Music,4.335283,725137.0,5848.0,"100,000,000+",365269944,0.0,True,Everyone,"Feb 2, 2016",1782322549.0,3.73,http://orangestudiosgames.com
102,ONE PIECE TREASURE CRUISE-RPG,Bandai Namco Entertainment Inc.,Role Playing,4.5027475,817590.0,88603.0,"10,000,000+",23336967,0.0,True,Teen,"Feb 8, 2015",1781855959.0,16.0.4,https://www.bandainamcoent.co.jp/english/
103,Goods Puzzle: Sort Challenge™,FALCON GAMES,Puzzle,4.687896,725491.0,7825.0,"50,000,000+",57982071,0.0,True,Everyone,"Apr 1, 2024",1782876945.0,5.08,https://falcongames.com.vn/
104,Music Piano 7: Rush Song Games,Melodya Muses,Music,4.7528663,411550.0,2717.0,"50,000,000+",78834172,0.0,True,Everyone,"Oct 12, 2023",1782992616.0,3.7.13,https://com-bunbunstudio-magicblocktiles.netlify.app/app-ads.txt
105,RETRODY : Retro Arcade Games,sungjun221,Arcade,4.4343433,1238.0,26.0,"100,000+",145047,0.0,True,Everyone,"Feb 17, 2025",1782465950.0,0.5.5,https://retrody.com
106,Dead Trigger 2 FPS Zombie Game,Deca_Games,Action,4.472278,3249102.0,142792.0,"100,000,000+",105161552,0.0,True,Mature 17+,"Oct 23, 2013",1781176405.0,3.1.4,https://decagames.com
107,Pocket Champs: 3D Racing Games,Madbox,Arcade,4.502324,1199765.0,16982.0,"50,000,000+",55672669,0.0,True,Everyone,"Feb 4, 2021",1782910851.0,7.7.12,https://madbox.io/
108,Jurassic World™: The Game,Ludia Games Inc.,Simulation,4.2975535,1909445.0,152013.0,"100,000,000+",107425899,0.0,True,Teen,"May 11, 2015",1781036554.0,1.89.19,https://www.ludia.com/
109,Lords Mobile: Kingdom Wars,IGG.COM,Strategy,4.4943204,9157499.0,181070.0,"500,000,000+",623071376,0.0,True,Teen,"Mar 21, 2016",1782804414.0,2.197,https://igg.com/
110,Toca Boca World,Toca Boca,Educational,4.32953,6719265.0,215376.0,"100,000,000+",441701255,0.0,True,Everyone,"Nov 21, 2018",1782389126.0,1.134,https://tocaboca.com/help/
111,Stick Cricket Clash,Stick Sports Ltd,Sports,4.2178216,20953.0,44.0,"1,000,000+",1742027,0.0,True,Everyone,"May 10, 2023",1782350821.0,2.3.7,https://www.sticksports.com/
112,Modern Combat 5: mobile FPS,Gameloft SE,Action,4.5766582,4261371.0,109130.0,"100,000,000+",207126254,0.0,True,Mature 17+,"Jul 23, 2014",1782920372.0,6.0.8a,http://www.gameloft.com/
113,Dragon City: Mobile Adventure,Social Point,Simulation,4.71558,10699947.0,626654.0,"100,000,000+",239277599,0.0,True,Everyone,"Jul 3, 2013",1783351084.0,26.8.5,https://www.socialpoint.es
114,Soccer Manager 2026 - Football,Invincibles Studio Ltd,Sports,4.308458,133675.0,584.0,"10,000,000+",12751087,0.0,True,Everyone,"Sep 23, 2024",1782316487.0,3.7.1,https://invinciblesstudio.com/
115,Township,Playrix,Casual,4.688635,12744191.0,371811.0,"500,000,000+",506636128,0.0,True,Everyone,"Nov 8, 2013",1782935591.0,37.0.2,https://www.playrix.com/township/index.html
116,Need for Speed™ No Limits,ELECTRONIC ARTS,Racing,4.398647,5244413.0,118104.0,"100,000,000+",344700882,0.0,True,Everyone 10+,"Sep 16, 2015",1780463111.0,9.3.0,http://www.ea.com/android
117,Wordzee! - Puzzle Word Game,MAG Interactive,Word,4.506939,70918.0,9140.0,"5,000,000+",5969348,0.0,True,Everyone,"Nov 27, 2019",1782920558.0,2.15.0,https://www.maginteractive.com
118,Genshin Impact,COGNOSPHERE PTE. LTD.,Adventure,3.1925228,5197442.0,133010.0,"100,000,000+",141839133,0.0,True,Teen,"Sep 26, 2020",,Varies with device,https://genshin.hoyoverse.com/
119,Mouse Trap: Hasbro Board Game,Marmalade Game Studio,Board,4.4957266,1998.0,297.0,"100,000+",150258,2.99,False,Everyone,"Mar 22, 2023",1763140299.0,1.0.12,https://www.marmaladegamestudio.com/
120,Rent Please! Landlord Sim,ShimmerGames,Simulation,4.445783,382191.0,9482.0,"10,000,000+",22549434,0.0,True,Everyone,"Oct 24, 2022",1782892324.0,1.91.5.2,https://shimmergames.com/
121,The Wolf: Animal Game MMORPG,Rage Quit Games Group,Role Playing,4.581862,1069642.0,67704.0,"50,000,000+",80500203,0.0,True,Teen,"Jan 18, 2017",1780222535.0,4.6.0,https://ragequitgames.com/
122,Race Master 3D: Car Racing,Beresnev Games,Racing,4.5283985,3353805.0,11247.0,"100,000,000+",487757319,0.0,True,Everyone,"Apr 29, 2021",1782309344.0,3.15.1.3579,https://beresnev.games
123,Cytus II,RAYARK,Music,4.060223,136752.0,5549.0,"1,000,000+",4039280,1.99,False,Teen,"Mar 7, 2018",1781857075.0,5.2.16,https://www.rayark.com/g/cytus2/
124,Disney Solitaire,SuperPlay.,Card,4.810469,784880.0,57471.0,"10,000,000+",17867050,0.0,True,Everyone,"Apr 16, 2025",1782400011.0,1.21.0,
125,Dark War Survival,Omnilojo Pte Ltd,Strategy,4.3525057,786146.0,24030.0,"10,000,000+",30348905,0.0,True,Everyone 10+,"May 19, 2024",1783065104.0,1.250.653,
126,Roll Masters: Arcade Bowling™,Liberty Pixel,Casual,4.6372547,997.0,266.0,"50,000+",92998,0.0,True,Everyone,"Nov 21, 2025",1782249836.0,1.0.9,https://libertypixel.games
127,Pinball: Classic Arcade Games,CYBERNAUTICA,Arcade,3.88,1626.0,108.0,"100,000+",313230,0.0,True,Everyone,"Oct 23, 2015",1782516896.0,4.9,http://www.cybernautica.cz
128,The Game of Life 2,Marmalade Game Studio,Board,4.5351853,19882.0,3208.0,"500,000+",588111,4.99,False,Everyone,"Jul 15, 2020",1761134885.0,1.0.5,https://www.marmaladegamestudio.com/
129,UNO!™,Mattel163 Limited,Card,4.3402405,2561026.0,68548.0,"100,000,000+",296304196,0.0,True,Everyone,"Nov 14, 2018",1781166911.0,1.17.5378,http://www.letsplayuno.com/
130,Honor of Kings,Level Infinite,Action,4.2204347,1758322.0,5722.0,"50,000,000+",92763165,0.0,True,Everyone 10+,"Jun 18, 2024",1782898145.0,11.4.1.7,https://www.honorofkings.com/
131,Arrow Puzzle: Tap Puzzle Games,Easybrain,Puzzle,4.8477864,759601.0,3209.0,"10,000,000+",37303743,0.0,True,Everyone,"Nov 14, 2025",1782835072.0,1.7.1,https://easybrain.com
132,Dungeon Hunter 5:  Action RPG,Gameloft SE,Role Playing,4.240904,768969.0,25395.0,"10,000,000+",26111123,0.0,True,Teen,"Mar 11, 2015",1778559478.0,7.1.5a,http://www.gameloft.com/
133,CodyCross: Crossword Puzzles,"Fanatee, Inc.",Word,4.6784673,1495510.0,31031.0,"100,000,000+",116101937,0.0,True,Everyone,"Apr 5, 2017",1780591395.0,2.11.1,https://www.fanatee.com
134,Wicket Cricket Manager,Wicket Cricket Games,Sports,4.43,23027.0,91.0,"1,000,000+",1955094,0.0,True,Everyone,"Jun 11, 2017",1779658240.0,6.35,https://playwicketcricket.com
135,Word Riddle: Offline Word Game,Magic Word Games,Trivia,4.785293,185640.0,6983.0,"10,000,000+",47129184,0.0,True,Everyone,"Apr 15, 2020",1779264742.0,5.5,http://magicword.online
136,Call of Duty®: Mobile,"Activision Publishing, Inc.",Action,4.260538,16524502.0,810160.0,"100,000,000+",415829509,0.0,True,Mature 17+,"Sep 30, 2019",1782234521.0,1.0.56,http://www.activision.com
137,Word Wars - Word Game,PlaySimple Games,Word,4.4021797,84368.0,20384.0,"5,000,000+",8058224,0.0,True,Everyone,"Aug 29, 2017",1781082662.0,1.868,https://playsimple.in
138,MIDU Games | Quiz game,MIDU Dev Team,Sports,,,,"10,000+",14116,0.0,True,Everyone,"Jul 5, 2020",1730400468.0,3.0.8,https://midu-games.com
139,Rider – Stunt Bike Racing,Ketchapp,Arcade,4.3333774,1519406.0,27039.0,"100,000,000+",129918015,0.0,True,Everyone,"Jun 21, 2017",1783417681.0,3.06.0.04,http://www.ketchappgames.com
140,Beat Fire - Edm Gun Music Game,Adaric Music,Music,4.108381,326107.0,6820.0,"50,000,000+",79729366,0.0,True,Teen,"Nov 5, 2019",1782979367.0,2.1.2,http://musicgamestudio.top
141,Star Wars™: Galaxy of Heroes,ELECTRONIC ARTS,Role Playing,4.0413046,1799205.0,175654.0,"50,000,000+",74195479,0.0,True,Everyone 10+,"Nov 9, 2015",1782513960.0,0.40.2012955,https://www.ea.com/games/starwars/galaxy-of-heroes
142,Stamp Solitaire: Card Matching,ABI GLOBAL LTD.,Puzzle,4.6635513,8112.0,57.0,"500,000+",575180,0.0,True,Everyone,"Apr 30, 2026",1783339459.0,0.21.3,https://abigames.com.vn/
143,Cash Rally - Slots Casino Game,SpinX Games Limited,Casino,4.6429358,20839.0,5461.0,"1,000,000+",1124568,0.0,True,Teen,"Jul 3, 2023",1782210744.0,10.64,https://spinxgames.com/
144,FIFA Panini Collection,Panini S.p.A.,Sports,4.1747575,29733.0,168.0,"10,000,000+",14694467,0.0,True,Everyone,"Apr 17, 2026",1783085097.0,1.4.0,
145,Word Trip - Word Puzzle Game,PlaySimple Games,Word,4.867644,576161.0,102318.0,"10,000,000+",23522338,0.0,True,Everyone,"Jun 20, 2017",1782888586.0,1.800.0,https://playsimple.in
146,Fortnite,"Epic Games, Inc",Action,3.9272156,435285.0,32664.0,"10,000,000+",30943976,0.0,True,Teen,"Apr 20, 2020",1781814570.0,41.10.0-55227503-Android,https://www.epicgames.com/help
147,SoEasy Mahjong: Solitaire,SOFISH GAMES,Casual,4.8431373,4930.0,74.0,"1,000,000+",3341751,0.0,True,Everyone,"Apr 17, 2026",1783421956.0,1.0.9,https://www.sofish.com/
148,Bingo Blitz™️ - Bingo Games,Playtika Santa Monica,Board,4.640936,1424286.0,296664.0,"50,000,000+",82326945,0.0,True,Teen,"Sep 14, 2012",1783320912.0,6.00.0,https://www.bingoblitz.com/
149,Football League 2026,MOBILE SOCCER,Sports,4.4577346,1925797.0,10743.0,"100,000,000+",414500864,0.0,True,Everyone,"Nov 16, 2022",1782310207.0,0.1.98,https://soccer-league-7aa37.web.app
150,Where's My Seat?・Logic Puzzles,Smartmove Global,Puzzle,4.7105265,6292.0,130.0,"1,000,000+",2795142,0.0,True,Everyone,"May 19, 2026",1783419537.0,1.2.2,https://www.smartmoveglobal.co/
151,Blockudoku®: Block Puzzle Game,Easybrain,Puzzle,4.5902576,1278664.0,32834.0,"100,000,000+",122374494,0.0,True,Everyone,"Nov 22, 2019",1782228245.0,3.25.0,https://easybrain.com
152,Sky: Children of the Light,thatgamecompany inc,Role Playing,4.547439,1158136.0,33594.0,"10,000,000+",41101077,0.0,True,Everyone 10+,"Apr 6, 2020",1782503241.0,0.33.8 (399977),http://thatskygame.com/
153,Cricket League,Miniclip.com,Sports,4.617273,3678100.0,1549.0,"100,000,000+",228619848,0.0,True,Everyone,"Oct 15, 2021",1783005528.0,1.33.0,https://www.miniclip.com/
154,Bid Wars 2: Auction Simulator,By Aliens L.L.C-F.Z,Strategy,4.492498,1514509.0,105426.0,"10,000,000+",42838859,0.0,True,Everyone,"Nov 29, 2017",1782826702.0,2.38,https://byaliens.com
155,Dream Cricket 2025,Sporta Technologies Private Limited,Sports,3.5714285,180414.0,26.0,"10,000,000+",20085758,0.0,True,Everyone,"Feb 12, 2026",1782320506.0,1.5.66,https://dreamcricket.app/
156,Golf Battle,Miniclip.com,Sports,4.7190385,1294163.0,34279.0,"100,000,000+",101649880,0.0,True,Everyone,"Oct 24, 2018",1782812421.0,2.22.2,https://www.miniclip.com/
157,Questland: Turn Based RPG,Gamesture sp. z o.o.,Role Playing,4.74435,534972.0,26795.0,"5,000,000+",8123834,0.0,True,Everyone 10+,"Apr 11, 2018",1764950071.0,4.37.0,http://www.gamesture.com
158,Touchgrind BMX 2,Illusion Labs,Sports,4.589258,333040.0,5026.0,"50,000,000+",58124425,0.0,True,Everyone,"Dec 13, 2018",1773341413.0,2.4.10,http://www.illusionlabs.se
159,Geometry Dash,RobTop Games,Arcade,4.7476335,1075249.0,153072.0,"10,000,000+",11279372,3.99,False,Everyone 10+,"Aug 12, 2013",1769573677.0,2.2.144,http://www.robtopgames.com
160,CookieRun: Kingdom,Devsisters Corporation,Role Playing,4.789158,1505568.0,101117.0,"10,000,000+",30981164,0.0,True,Everyone 10+,"Jan 19, 2021",1783081429.0,Varies with device,https://cs.devsisters.com/ko/cookierun-kingdom
161,World Soccer Champs,Monkey I-Brow Studios,Sports,4.689919,1867583.0,11013.0,"10,000,000+",23781309,0.0,True,Everyone,"May 18, 2020",1783422290.0,11.3,https://www.monkeyibrowstudios.com/
162,NBA Infinite - PvP Basketball,Level Infinite,Sports,3.7834275,45058.0,2599.0,"10,000,000+",10989120,0.0,True,Everyone,"Feb 17, 2024",1774427717.0,1.18194.6000.0,
163,Zombie Catchers : Hunt & sell,Deca Games,Action,4.607763,2432358.0,25854.0,"100,000,000+",240529651,0.0,True,Everyone,"Jan 27, 2016",1782716313.0,1.67.15,https://decagames.com
164,Mario Kart Tour,"Nintendo Co., Ltd.",Action,4.317244,2175824.0,219183.0,"100,000,000+",164465658,0.0,True,Everyone,"Sep 24, 2019",1762417263.0,3.7.0,https://mariokarttour.com/
165,Stop 2 - Word Trivia Game,"Fanatee, Inc.",Word,4.4158654,116234.0,1094.0,"10,000,000+",17479121,0.0,True,Everyone,"Mar 1, 2023",1761571430.0,1.6.2,http://www.fanatee.com
166,Klondike Adventures: Farm Game,VIZOR APPS LTD.,Simulation,4.5999265,1369079.0,56639.0,"100,000,000+",109652952,0.0,True,Everyone,"Apr 3, 2018",1781888501.0,Varies with device,https://vizor-games.com/
167,Duolingo: Language Lessons,Duolingo,Education,4.7268543,47225951.0,949680.0,"500,000,000+",935071601,0.0,True,Everyone,"May 29, 2013",1783363834.0,Varies with device,https://www.duolingo.com/help/support-request
168,Boom Beach: War Strategy Game,Supercell,Strategy,4.455191,6257626.0,289443.0,"100,000,000+",107629804,0.0,True,Everyone 10+,"Jun 18, 2014",1782288070.0,62.94,https://help.supercellsupport.com/boom-beach/en/
169,Diablo Immortal,"Blizzard Entertainment, Inc.",Role Playing,4.708053,2053167.0,67524.0,"10,000,000+",23282844,0.0,True,Mature 17+,"May 31, 2022",1781045741.0,5.0.0,https://battle.net/support/help/games/immortal
170,Guitar Band: Rock Battle,Supercharge Mobile,Music,4.485169,304610.0,10883.0,"50,000,000+",53087937,0.0,True,Everyone,"Sep 27, 2017",1782423233.0,4.17.0,https://www.superchargemobile.app/
171,City Island 3 - Sim Builder,Sparkling Society - Build Town City Building Games,Simulation,4.393365,372074.0,9981.0,"10,000,000+",24089454,0.0,True,Everyone,"Dec 27, 2014",1774859210.0,3.9.0,http://www.sparklingsociety.net
172,Kick the Buddy－Fun Action Game,Playgendary Limited,Action,4.121051,3567287.0,195550.0,"500,000,000+",512151155,0.0,True,Teen,"May 22, 2018",1779791906.0,2.17.2,https://newplg.dev/
173,"PK XD: Fun, friends & games",Afterverse Games,Adventure,4.6837964,6325264.0,74110.0,"100,000,000+",357848868,0.0,True,Everyone 10+,"Jul 12, 2019",1783031652.0,Varies with device,http://www.afterverse.com/
174,Happy Color®: Color by Number,X-FLOW,Board,4.5761538,3857799.0,399889.0,"100,000,000+",334691871,0.0,True,Everyone,"Jan 24, 2018",1779895779.0,2.22.6,https://xflowgames.com/
175,Summoners War X Frieren,Com2uS,Role Playing,3.9613264,2333767.0,146136.0,"50,000,000+",78394757,0.0,True,Teen,"Jun 2, 2014",,Varies with device,https://www.com2us.com
176,Motorcycle Customs,LETS FUN - publisher of match 3 puzzle game,Casual,,,,"100,000+",238167,0.0,True,Everyone,,1777544072.0,Varies with device,https://www.letsfungame.com
177,Zen Word® - Relax Puzzle Game,Oakever Games,Word,4.838087,731037.0,15259.0,"50,000,000+",53291757,0.0,True,Everyone,"Mar 31, 2023",1782961227.0,2.31.1,https://oakevergames.com/
178,MARVEL SNAP: Hero Strategy CCG,Second Dinner,Strategy,3.3773499,480376.0,23245.0,"10,000,000+",19504092,0.0,True,Teen,"Oct 15, 2022",1781113402.0,54.12.1,https://www.marvelsnap.com/
179,Magic Tiles 3™ - Piano Game,AMANOTES PTE. LTD.,Music,4.5896664,3484786.0,110757.0,"500,000,000+",822474893,0.0,True,Everyone 10+,"Feb 24, 2017",1783095967.0,13.062.101,https://amanotes.com/
180,Hungry Shark Evolution,Ubisoft Entertainment,Arcade,4.493914,7584926.0,245043.0,"500,000,000+",615842614,0.0,True,Teen,"Feb 22, 2013",1782744920.0,14.2.2,https://www.ubisoft.com/
181,Free Fire MAX,GARENA INTERNATIONAL I,Action,4.4554925,31267952.0,69172.0,"500,000,000+",915436776,0.0,True,Teen,"Sep 18, 2021",1781666310.0,2.126.1,
182,Offline Games - No Wifi Games,JindoBlu,Casual,4.6267138,468028.0,14135.0,"100,000,000+",195835807,0.0,True,Everyone,"Aug 4, 2023",1780865641.0,3.12.3,https://www.jindoblu.com
183,Ludo Buzz - Multiplayer Game,Popup Games,Board,3.94,15686.0,26.0,"10,000,000+",24505943,0.0,True,Everyone,"Oct 23, 2021",1783258188.0,242,https://popup.games
184,EA SPORTS FC™ 26 Companion,ELECTRONIC ARTS,Sports,3.5299456,658876.0,5681.0,"50,000,000+",55905048,0.0,True,Everyone,"Sep 21, 2016",1780419758.0,26.7.0.10789,http://www.ea.com/android
185,PUBG MOBILE,Level Infinite,Action,4.3251443,48493125.0,859717.0,"1,000,000,000+",1092982730,0.0,True,Teen,"Mar 19, 2018",1777363707.0,4.4.0,https://www.pubgmobile.com/
186,Geometry Dash Lite,RobTop Games,Arcade,4.407046,7762282.0,496770.0,"500,000,000+",605649263,0.0,True,Everyone 10+,"Sep 15, 2013",1769781830.0,2.2.147,http://www.robtopgames.com
187,Cricket Chairman: T20 Manager,ahangrykoala,Sports,3.6,473.0,2.0,"10,000+",13868,0.0,True,Everyone,"Mar 4, 2026",1778645935.0,1.6.9,https://cricket-chairman-d3cf2.web.app
188,Battle Legion: Mass Troops RPG,GODSPEED GAMES,Simulation,4.5333333,117077.0,3918.0,"1,000,000+",4891678,0.0,True,Everyone 10+,"Jul 1, 2020",1780575963.0,4.6.9,https://www.battlelegion.com/
189,Lanota - Music game with story,Noxy Games Inc.,Music,4.3357935,37086.0,1071.0,"1,000,000+",1675078,0.0,True,Everyone,"Aug 23, 2016",1779799455.0,3.2.6,https://noxygames.com/lanota/
190,Arcaea,lowiro,Music,4.6856666,145896.0,3310.0,"5,000,000+",5642306,0.0,True,Teen,"Mar 8, 2017",1781771409.0,6.15.0,https://arcaea.lowiro.com
191,Domino - Dominos online game,ZiMAD,Board,4.428492,143234.0,5088.0,"10,000,000+",35633524,0.0,True,Everyone,"Jun 30, 2017",1782487882.0,3.34.0,https://zimad.com/
192,RUSH: Xtreme,SayGames Ltd,Racing,4.5965037,448821.0,2018.0,"10,000,000+",18832695,0.0,True,Everyone 10+,"Jul 15, 2025",1781017222.0,1.6.1,https://say.games/
193,Basketball Stars: Multiplayer,Miniclip.com,Sports,4.643223,1738094.0,110672.0,"100,000,000+",135127838,0.0,True,Everyone,"Mar 16, 2016",1781267282.0,3.1.2,https://www.miniclip.com
194,MotoGP Guru Racing 25/26,Tifansi Pty Ltd,Racing,4.3851185,811924.0,4545.0,"10,000,000+",46619406,0.0,True,Everyone,"Jun 6, 2016",1773313005.0,15.0.15,http://www.championshipquest.com
195,Temple Run,Imangi Studios,Arcade,4.2298265,5160853.0,326198.0,"500,000,000+",958954756,0.0,True,Everyone,"Mar 26, 2012",1780514646.0,1.39.0,http://www.imangistudios.com/contact.html
196,Brawl Stars,Supercell,Action,4.201073,25981338.0,325429.0,"500,000,000+",542395663,0.0,True,Everyone 10+,"Dec 12, 2018",1782993531.0,68.263,https://help.supercellsupport.com/brawl-stars/en/
197,Harry Potter: Puzzles & Spells,Zynga,Puzzle,4.6998377,911421.0,53202.0,"10,000,000+",24863952,0.0,True,Everyone,"Sep 22, 2020",1782703831.0,113.0.354,http://www.zynga.com
198,Arrows – Puzzle Escape,Lessmore GmbH,Puzzle,4.756658,1546643.0,17074.0,"50,000,000+",91767111,0.0,True,Everyone,"Jul 9, 2025",1782486111.0,0.19.1,https://lessmore.games/
199,MONOPOLY Slots - Casino Games,SciPlay,Casino,4.6294646,225913.0,48847.0,"5,000,000+",9275148,0.0,True,Teen,"Apr 17, 2018",1782134863.0,7.12.1,https://www.sciplay.com/
200,Sniper 3D：Gun Shooting Games,Wildlife Studios,Action,4.595284,18222102.0,450190.0,"500,000,000+",792857911,0.0,True,Mature 17+,"Nov 13, 2014",1783113155.0,6.40.2,https://wildlifestudios.com/
201,Root Board Game,Dire Wolf Digital,Board,4.880814,10584.0,604.0,"100,000+",139011,3.0,False,Everyone,"Sep 24, 2020",1772852998.0,2.1.5,https://www.direwolfdigital.com
202,Lightning Link Casino Slots,Product Madness,Casino,4.703818,275619.0,50218.0,"10,000,000+",14222180,0.0,True,Teen,"Aug 31, 2018",1781691399.0,10.8.1,https://www.productmadness.com
203,Cash Storm Slots Games,TRIWIN,Casino,4.7052565,158250.0,17854.0,"5,000,000+",8254044,0.0,True,Everyone,"Jul 28, 2019",1781596239.0,2.7.8,https://www.triwingames.com
204,Prodigy Math: Kids Game,Prodigy Education Inc,Educational,4.7306247,66978.0,24600.0,"5,000,000+",8188441,0.0,True,Everyone,"Jun 8, 2018",1764789546.0,4.9.8,https://www.prodigygame.com
205,Guardians of Cloudia,NEOCRAFT LIMITED,Role Playing,3.0591497,102503.0,2542.0,"1,000,000+",4562406,0.0,True,Everyone 10+,"May 26, 2021",1727337627.0,Varies with device,https://goc.neocraftstudio.com/
206,Zombie Fire 3D: Offline Game,VNGGames Studios,Action,4.6061416,142222.0,4467.0,"10,000,000+",33820237,0.0,True,Mature 17+,"Jan 14, 2023",1776420857.0,1.45.0,http://deadtarget.com
207,Yu-Gi-Oh! Master Duel,KONAMI,Card,4.3676505,256584.0,14959.0,"10,000,000+",11197542,0.0,True,Teen,"Feb 2, 2022",1777509852.0,2.7.0,https://www.konami.com/yugioh/masterduel/
208,Cash Frenzy™ - Casino Slots,SpinX Games Limited,Casino,4.749125,1135153.0,222658.0,"10,000,000+",30951395,0.0,True,Teen,"Jan 12, 2019",1783051908.0,Varies with device,https://spinxgames.com/
209,Fate/Grand Order (English),Aniplex Inc.,Role Playing,3.9974856,107263.0,15560.0,"5,000,000+",5309289,0.0,True,Teen,"Jun 24, 2017",1782805428.0,2.90.2,http://fate-go.us/
210,Force of Warships: War Games,XDEVS LTD,Action,4.2274246,87506.0,2398.0,"5,000,000+",7008357,0.0,True,Everyone 10+,"Mar 23, 2022",1781002343.0,7.01.5,https://xdevs.ltd
211,Football Legacy Manager 26,Hockey Legacy Manager,Sports,3.8148148,80.0,26.0,"10,000+",10961,0.0,True,Everyone,"Sep 5, 2025",1762387191.0,26.1.24,https://footballlegacymanager.com/
212,Mad Skills Motocross 2,Turborilla,Racing,4.09705,460883.0,12407.0,"50,000,000+",55561434,0.0,True,Everyone,"Feb 19, 2014",1774270816.0,2.56.5043,http://www.turborilla.com/
213,Hero of Aethric Turn Based RPG,Northern Forge,Role Playing,4.567384,52553.0,1910.0,"1,000,000+",3069029,0.0,True,Teen,"Nov 15, 2022",1781532146.0,3.24.2,https://northernforge.com
214,EA SPORTS FC Soccer Mobile 26,ELECTRONIC ARTS,Sports,4.543244,22176051.0,239608.0,"500,000,000+",769908385,0.0,True,Everyone,"Oct 10, 2016",1782216058.0,27.0.03,http://www.ea.com/android
215,Witchcraft!,Mantita Games,Card,4.7777777,115.0,14.0,"1,000+",2462,2.99,False,Everyone 10+,"Apr 13, 2026",1782131809.0,1.5,https://mantita.games/witchcraft
216,Word Connect,ZenLife Games Ltd,Word,4.7869406,1272380.0,159813.0,"50,000,000+",77103251,0.0,True,Everyone,"Jun 5, 2017",1782989873.0,9.702.508,https://www.zenlifegames.com/
217,Words of Wonders: Crossword,Fugo Games,Word,4.8799334,6347614.0,42528.0,"100,000,000+",465838294,0.0,True,Everyone,"Apr 10, 2018",1782728723.0,5.7.1,http://www.fugo.com.tr
218,Critical Ops: Multiplayer FPS,Critical Force Ltd.,Action,4.337384,2472482.0,69512.0,"100,000,000+",113040273,0.0,True,Teen,"Oct 5, 2015",1782852543.0,1.70.1.f3288,http://criticalforce.fi/
219,Trivia Crack: Brain Quiz Games,etermax,Trivia,4.48356,7878290.0,526274.0,"100,000,000+",267273382,0.0,True,Everyone,"Oct 24, 2013",1783368399.0,3.376.0,https://www.etermax.com
220,Classic Slots™ - Casino Games,Slots Limited,Casino,4.7793784,127477.0,29603.0,"5,000,000+",7210740,0.0,True,Teen,"Jul 20, 2016",1782742883.0,1.0.766,http://www.slotslimited.com
221,Highway Racer Pro - Car Game,Spektra Games,Racing,4.585774,70394.0,1160.0,"5,000,000+",6719991,0.0,True,Everyone,"Jul 29, 2025",1783076839.0,1.0.5,https://www.spektra.games
222,Solitairica,Righteous Hammer Games,Card,3.587156,6092.0,939.0,"100,000+",491419,0.0,True,Everyone,"Dec 7, 2016",1782489544.0,1.5.03572,http://www.righteoushammer.com
223,FIFA Heroes: Football Action,Solace Games & ENVER,Sports,4.4246573,9637.0,409.0,"1,000,000+",1177771,0.0,True,Everyone,"Jun 23, 2026",1783014958.0,1.1.2,http://playfifaheroes.com
224,TFT: Teamfight Tactics,"Riot Games, Inc",Strategy,4.514063,756519.0,12758.0,"10,000,000+",26325132,0.0,True,Teen,"Mar 16, 2020",1781829414.0,16.13.7893741,https://teamfighttactics.leagueoflegends.com
225,Rhythm Rush - Piano Music Game,Boom Studio Limited,Music,4.4474473,26942.0,858.0,"10,000,000+",28791146,0.0,True,Everyone,"May 31, 2023",1760669329.0,1.9.23,https://www.theboomstudios.com
226,ICC SuperTeam Cricket,FanCraze Technologies Inc.,Sports,,,,"1,000,000+",1001377,0.0,True,Everyone,"Dec 21, 2025",1777364788.0,1.0.9,http://www.icc-superteam.com
227,Shadow Fight 2,NEKKI,Action,4.6325626,16699632.0,280938.0,"100,000,000+",447230832,0.0,True,Everyone 10+,"Jul 22, 2014",1783336914.0,2.45.0,http://support.shadowfight2.com
228,Bike 3D Configurator,DlightStudio,Sports,3.92,40364.0,318.0,"5,000,000+",5939953,0.0,True,Everyone,"Feb 25, 2014",1764612430.0,2.0.0,http://www.bikeconfig.com/
229,RAID: Shadow Legends,Plarium Global Ltd,Role Playing,4.644465,2246643.0,149024.0,"50,000,000+",75393444,0.0,True,Teen,"Feb 26, 2019",1782216864.0,11.65.0,http://www.plarium.com
230,Cricket World Champions,Zapak,Sports,2.8,4442.0,3.0,"1,000,000+",2122931,0.0,True,Everyone,"Jan 11, 2022",1779710898.0,1.0.178,https://www.zapak.com
231,Gold Fish Casino Slot Games,SciPlay,Casino,4.8441434,737857.0,135706.0,"10,000,000+",13952173,0.0,True,Teen,"May 20, 2014",1781310838.0,60.1.1,https://www.goldfishslots.com/
232,Royal Match,"Dream Games, Ltd.",Puzzle,4.636826,10463111.0,98929.0,"100,000,000+",356299671,0.0,True,Everyone,"Feb 25, 2021",1783096152.0,37281,https://dreamgames.com
233,Stunt Bike Extreme,Hyperkani,Racing,4.6666665,139414.0,1254.0,"50,000,000+",84193626,0.0,True,Everyone,"Dec 27, 2023",1782903005.0,0.574,https://www.hyperkani.com
234,eFootball™,KONAMI,Sports,4.1620955,18099012.0,180248.0,"100,000,000+",368484035,0.0,True,Everyone,"May 23, 2017",1780379772.0,10.5.1,https://img.konami.com/games/
235,PBS KIDS Games,PBS KIDS,Educational,4.31013,55220.0,12353.0,"10,000,000+",14865422,0.0,True,Everyone,"Apr 27, 2016",1782391261.0,6.8.0,http://pbskids.org/apps
236,Angry Birds 2,Rovio Entertainment Oy,Casual,4.1003456,6303138.0,274026.0,"100,000,000+",342826363,0.0,True,Everyone,"Jul 23, 2015",1782976408.0,26.4.1,https://www.rovio.com
237,F1® Clash - Official 2026 Game,Hutch Games,Racing,4.494762,1253600.0,13280.0,"10,000,000+",30837403,0.0,True,Everyone,"May 8, 2019",1779985493.0,58.00.34992,https://www.hutch.io
238,Slotomania™ Slots Casino Games,Playtika,Casino,4.4134645,2172865.0,388342.0,"100,000,000+",102847085,0.0,True,Teen,"Jan 26, 2012",1782994072.0,77.161.13,https://www.slotomania.com/
239,Piano Music Go-EDM Piano Games,Joy Journey Music Games,Music,4.5418005,522378.0,5314.0,"100,000,000+",152429357,0.0,True,Everyone,"Mar 17, 2017",1782888974.0,2.144,http://edaysoft.cn
240,BASEBALL 9,playus soft,Sports,4.5693626,470533.0,39113.0,"10,000,000+",49762426,0.0,True,Everyone,"May 15, 2018",1781158613.0,3.9.2,http://www.playussoft.com
241,Kingdom Clash - War army games,CASUAL AZUR GAMES,Strategy,4.492577,397946.0,2495.0,"10,000,000+",11696609,0.0,True,Everyone 10+,"Nov 19, 2021",1781096999.0,3.1.6,https://aigames.ae/
242,Top War: Battle Game,RiverGame,Strategy,4.5852895,769765.0,26317.0,"50,000,000+",76155827,0.0,True,Everyone 10+,"Jan 16, 2020",1783352330.0,1.666.4,https://www.rivergame.net/en/default.html
243,Word Collect - Word Games Fun,Super Free,Word,4.683802,595776.0,126674.0,"10,000,000+",41983609,0.0,True,Everyone,"Nov 16, 2017",1783105332.0,2.057,https://superfree.com/
244,Jetpack Joyride,Halfbrick Studios,Arcade,4.4516826,4781243.0,194261.0,"100,000,000+",291967016,0.0,True,Everyone 10+,"Sep 27, 2012",1772404237.0,1.104.1,http://www.halfbrick.com/our-games/jetpack-joyride/
245,TRT Bil Bakalım,Türkiye Radyo ve Televizyon Kurumu,Trivia,4.68,102384.0,16.0,"1,000,000+",4262015,0.0,True,Everyone,"Nov 9, 2020",1775125248.0,2.999,https://trt.net.tr
246,Art Puzzle - Puzzle Games,Easybrain,Puzzle,4.7774057,1830277.0,42398.0,"100,000,000+",138141202,0.0,True,Everyone,"Sep 7, 2020",1782322007.0,4.13.0,http://easybrain.com
247,Rotaeno,X.D. Network,Music,4.2941175,6513.0,220.0,"100,000+",401420,2.99,False,Everyone,"May 29, 2022",1782290366.0,2.24.0,
248,Cover Fire: Offline Shooting,Viva Games Studios,Action,4.6177936,2569358.0,50449.0,"100,000,000+",176580017,0.0,True,Teen,"Mar 30, 2017",1783337580.0,1.33.11,https://vivastudios.com/
249,Jigsaw Puzzles - Puzzle Games,Easybrain,Puzzle,4.778879,2318321.0,106605.0,"100,000,000+",148019844,0.0,True,Everyone,"Apr 10, 2019",1779288709.0,4.8.0,http://www.easybrain.com
250,Football Superstar 2: USA Ed.,Lazy Boy Developments Ltd,Sports,4.4244604,4859.0,354.0,"50,000+",89649,0.0,True,Teen,"Feb 24, 2025",1764585435.0,1.0.28,https://lazyboydevelopments.com
251,Crossword Master - Word Puzzle,Easybrain,Word,4.7896466,660139.0,6719.0,"10,000,000+",23091135,0.0,True,Everyone,"Apr 26, 2024",1782225744.0,1.24.0,https://easybrain.com
252,Real Cricket™ 20,Nautilus Mobile,Sports,3.9789271,1664882.0,2221.0,"50,000,000+",85020840,0.0,True,Everyone,"Apr 5, 2018",1777375023.0,6.2,http://www.nautilusmobile.com
253,Ludo King®,Gametion,Board,4.150581,10279865.0,13077.0,"1,000,000,000+",1478134707,0.0,True,Everyone,"Dec 17, 2016",1782494018.0,Varies with device,https://gametion.com/
254,John Mambo: Retro Arcade,Iction Games,Action,4.0588236,253.0,12.0,"10,000+",25108,0.0,True,Teen,"Dec 17, 2023",1760628863.0,010630,https://www.ictiongames.com/
255,Kingdom Rush Tower Defense TD,Ironhide Games,Strategy,4.707716,847823.0,26384.0,"10,000,000+",30188258,0.0,True,Everyone 10+,"May 15, 2013",1760562086.0,6.4.18,http://www.ironhidegames.com
256,Pikmin Bloom,"Niantic, Inc.",Adventure,4.743301,234660.0,14000.0,"5,000,000+",8725109,0.0,True,Everyone,"Oct 27, 2021",1782726362.0,148.0,https://pikminbloom.com/
257,Zombie Frontier 3: Sniper FPS,FT Games,Action,4.1183767,481799.0,15305.0,"50,000,000+",86946122,0.0,True,Mature 17+,"Nov 23, 2015",1781072749.0,2.67,http://www.feelingtouch.com/
258,Art of War 3:RTS strategy game,Gear Games Global,Strategy,4.6597133,468228.0,6434.0,"10,000,000+",45569284,0.0,True,Teen,"May 22, 2018",1783337983.0,6.6.26,https://geargames.org/
259,Dice Dreams™️,SuperPlay.,Casual,4.701536,1940269.0,288559.0,"50,000,000+",66330957,0.0,True,Everyone,"Aug 27, 2019",1782837815.0,1.109.1.37003,http://www.superplay.co/
260,Game of War - Fire Age,Epic War,Strategy,2.7312925,1440359.0,110168.0,"50,000,000+",91052570,0.0,True,Everyone 10+,"May 7, 2014",1776444014.0,12.2.2.671,http://www.machinezone.com
261,2 Player games : the Challenge,JindoBlu,Arcade,4.6967764,712264.0,10962.0,"100,000,000+",305320295,0.0,True,Everyone,"May 29, 2019",1782651604.0,7.18.4,https://www.jindoblu.com
262,Solitaire Tripeaks: Card Games,"Card Games, Inc",Card,4.8229938,124613.0,18225.0,"1,000,000+",3237637,0.0,True,Everyone,"Dec 31, 2017",1780050494.0,3.2.4,https://www.nightingale-mobile.com
263,Scrabble® GO – Fun with Words!,Scopely,Word,4.5341015,583514.0,67150.0,"10,000,000+",43882348,0.0,True,Everyone,"Mar 3, 2020",1782987209.0,1.107.3,https://www.scopely.com
264,Eternium,Making Fun,Role Playing,4.7794886,2688802.0,137916.0,"10,000,000+",26167021,0.0,True,Teen,"Jun 25, 2014",1780170864.0,1.46.60,http://www.eterniumgame.com
265,Mini Football - Soccer Games,Miniclip.com,Sports,4.6451316,796881.0,11110.0,"50,000,000+",80127175,0.0,True,Everyone,"Sep 22, 2020",1782115308.0,4.10.0,https://www.miniclip.com/
266,Crisis Action: 7th Anniversary,"HK Hero Entertainment Co., Limited",Action,3.4375,843340.0,653.0,"10,000,000+",21401304,0.0,True,Teen,"May 31, 2018",1781752816.0,4.9.12,https://herogame.com/
267,Rider Worlds - Neon Bike Races,Ketchapp,Arcade,4.5812674,84712.0,1437.0,"10,000,000+",16876453,0.0,True,Everyone,"Jan 19, 2023",1782380650.0,1.20.1.01,http://www.ketchappgames.com
268,Delta Force,Level Infinite,Action,4.4464154,292497.0,21215.0,"10,000,000+",18654896,0.0,True,Teen,"Apr 12, 2025",,Varies with device,https://www.playdeltaforce.com/
269,My Arcade Center v2,GamesMrkt,Arcade,4.303226,4185.0,213.0,"100,000+",441614,0.0,True,Everyone,"Jun 18, 2024",1770305730.0,0.23.3,https://www.gamesmrkt.com/
270,World of Tanks Blitz™,Wargaming Group,Action,4.0734057,4520798.0,57426.0,"100,000,000+",170183364,0.0,True,Teen,"Dec 3, 2014",1774953189.0,11.18.0.591,http://wotblitz.com
271,SkeeBoost: Ball Arcade Game,Liberty Pixel,Casual,4.576344,9467.0,2843.0,"500,000+",578613,0.0,True,Everyone,"Jul 30, 2023",1781520528.0,1.9.6,https://libertypixel.games
272,World Cricket Championship 2,Nextwave Multimedia,Sports,3.6633039,3358463.0,3648.0,"100,000,000+",114954138,0.0,True,Everyone,"Jul 28, 2015",1777548165.0,5.4.7,http://www.nextwavemultimedia.com
273,Sorry! World Online Board game,Gameberry Labs,Board,4.5343137,26184.0,2167.0,"1,000,000+",1393409,0.0,True,Everyone,"Sep 5, 2025",1782992862.0,0.57.0,https://gameberrylabs.com/
274,Darkest AFK: Role playing game,Three wishes slot machines game studio,Role Playing,4.3854876,50045.0,1786.0,"1,000,000+",3347166,0.0,True,Teen,"May 23, 2022",1783317816.0,2.2.53,https://darkestafk.com/
275,Traffic Rider,skgames,Racing,4.4902844,8860509.0,80699.0,"500,000,000+",802369807,0.0,True,Everyone,"Jan 11, 2016",1765205909.0,Varies with device,https://www.skgames.net/
276,Arknights: Endfield,GRYPHLINE,Role Playing,4.6719856,74670.0,2360.0,"5,000,000+",5054714,0.0,True,Teen,"Jan 10, 2026",,Varies with device,https://endfield.gryphline.com/
277,Police Chief,VoyagerOne IE,Strategy,4.7487245,40755.0,413.0,"500,000+",957284,0.0,True,Teen,"May 6, 2026",1783321558.0,0.0.852,
278,Trial Xtreme Freedom,Gameplay Galaxy,Racing,,,,,2346456,,False,Everyone,,1781855534.0,Varies with device,https://www.gameplaygalaxy.com/
279,Tile Explorer - Triple Match,Oakever Games,Puzzle,4.882755,2096580.0,11537.0,"100,000,000+",233041984,0.0,True,Everyone,"May 17, 2024",1783003536.0,1.89.1,https://oakevergames.com/
280,World Conqueror 4-WW2 Strategy,EasyTech Games,Strategy,4.7281146,135465.0,4192.0,"5,000,000+",7242342,0.0,True,Everyone 10+,"Oct 13, 2017",1782460250.0,1.27.2,http://www.ieasytech.com/
281,Mentium: AI Trivia & Quiz Game,King Island Studio,Trivia,,,,"1,000+",2499,0.0,True,Everyone,"Apr 29, 2026",1779472569.0,2.0.2,https://kingislandstudio.com/
282,Racing Master,Exptional Global,Racing,4.59919,10904.0,1037.0,"500,000+",551568,0.0,True,Everyone 10+,"Apr 9, 2026",1782464751.0,0.29.5,
283,Official Millionaire Game,Uken Games,Trivia,4.5474987,248844.0,28713.0,"10,000,000+",22654214,0.0,True,Everyone,"Sep 24, 2018",1780341833.0,66.0.0,https://uken.com/
284,New Star™ Cricket,New Star Publishing Ltd.,Sports,3.69,4844.0,70.0,"500,000+",669239,0.0,True,Teen,"Nov 23, 2016",1715078260.0,1.25,http://www.newstargames.com
285,Football Head Coach 26 NFL PA,Gamebasics BV,Sports,4.727236,33203.0,4783.0,"1,000,000+",1681473,0.0,True,Everyone,"Jul 22, 2022",1782288313.0,26.4.4,https://gamebasics.nl
286,Wordle!,Lion Studios Plus,Word,4.316342,188970.0,15488.0,"10,000,000+",17583277,0.0,True,Everyone,"Feb 15, 2022",1783353557.0,3.1.1,http://lionstudios.cc
287,Blockbuster: Arcade,Gimica GmbH,Puzzle,4.4802203,34819.0,1262.0,"1,000,000+",2461802,0.0,True,Everyone,"Nov 6, 2024",1779353448.0,1.7.0,https://www.gimica.com/
288,CarX Drift Racing 2,CarX Technologies,Racing,4.3549175,711879.0,15080.0,"50,000,000+",55989924,0.0,True,Everyone,"Dec 21, 2018",1774884828.0,1.42.0,https://x-gaming-lab.com/
289,World War Heroes — WW2 PvP FPS,Azur Interactive Games Limited,Action,4.4618883,3373573.0,71641.0,"100,000,000+",156353973,0.0,True,Teen,"Nov 22, 2017",1782146923.0,1.56.0,https://azurgames.com/
290,Hot Wheels Unlimited,Budge Studios,Racing,4.495631,162178.0,2843.0,"50,000,000+",63417503,0.0,True,Everyone,"Sep 29, 2020",1779314153.0,2026.3.0,http://www.budgestudios.com
291,Doomsday × FAIRY TAIL,IGG.COM,Strategy,4.499229,2667837.0,64045.0,"50,000,000+",98472858,0.0,True,Teen,"Sep 15, 2021",1782800236.0,1.58.0,https://www.igg.com
292,Soccer League,Gamegou Limited,Sports,,,,"100,000+",341492,0.0,True,Everyone,,1778037337.0,0.5.18,http://www.gamegou.com
293,Ace Racer,Exptional Global,Racing,4.4271603,122612.0,1170.0,"5,000,000+",7236214,0.0,True,Teen,"Mar 9, 2023",1725041736.0,'3.0.73',http://www.aceracer-game.com/
294,Fire Emblem Heroes,"Nintendo Co., Ltd.",Simulation,4.462047,637772.0,71609.0,"10,000,000+",10917580,0.0,True,Teen,"Feb 2, 2017",1782718240.0,10.7.0,https://fire-emblem-heroes.com/
295,Evolution Board Game,North Star Digital Games,Board,4.393574,7030.0,1042.0,"500,000+",506028,0.0,True,Everyone,"Feb 11, 2019",1775794298.0,3.0.59,http://www.evolutiondigitalgame.com
296,Jackpot World™ - Slots Casino,SpinX Games Limited,Casino,4.720431,842958.0,72769.0,"10,000,000+",37192412,0.0,True,Teen,"May 11, 2018",1782897215.0,Varies with device,https://www.jackpot-world.com/
297,Tower War - Tactical Conquest,SayGames Ltd,Arcade,4.202964,681628.0,17234.0,"100,000,000+",116824142,0.0,True,Everyone 10+,"Jun 24, 2021",1781529421.0,1.27.6,https://say.games/
298,WSOP Poker: Texas Holdem Game,Playtika,Card,4.195385,1684242.0,232811.0,"50,000,000+",82867629,0.0,True,Teen,"Nov 5, 2013",1783347660.0,13.11.1,https://playwsop.com/
299,Mafia GO - Dice Master,WhaleApp LTD,Board,4.728972,918.0,54.0,"100,000+",108017,0.0,True,Teen,"Jun 2, 2026",1779893186.0,2.2.1,https://www.whaleapp.com/
300,Tile Club - Match Puzzle Games,GamoVation,Puzzle,4.8310204,810106.0,5605.0,"100,000,000+",203603977,0.0,True,Everyone,"May 15, 2023",1780654024.0,3.5.2,https://www.gamovation.com
301,Gangstar Vegas: World of Crime,Gameloft SE,Action,4.3595643,6853153.0,171028.0,"100,000,000+",187802870,0.0,True,Mature 17+,"Jun 19, 2013",1782813436.0,9.8.0f,http://www.gameloft.com/
302,Friday Night Funkin',The Funkin' Crew Inc.,Music,4.817181,427085.0,13468.0,"10,000,000+",23013978,0.0,True,Teen,"Jul 10, 2025",1775467720.0,0.8.5,https://funkin.me/
303,My Talking Tom Friends,Outfit7 Limited,Casual,4.3008943,4081592.0,25116.0,"500,000,000+",819463562,0.0,True,Everyone,"Jun 11, 2020",1783413931.0,26.3.1.22272,https://talkingtomandfriends.com/support/
304,Mistfall Match: Design & Blast,"Flyyes, Inc.",Casual,4.8125,4891.0,157.0,"500,000+",884724,0.0,True,Everyone 10+,"Apr 15, 2026",1783075003.0,1.4.8,http://www.flyyestechnology.com
305,DRAGON BALL LEGENDS,Bandai Namco Entertainment Inc.,Action,4.351283,2143235.0,237930.0,"50,000,000+",91438157,0.0,True,Teen,"May 17, 2018",1782368322.0,6.25.0,https://www.bandainamcoent.co.jp/english/
306,Vita Mahjong,Vita Studio.,Board,4.7886696,5682312.0,64021.0,"100,000,000+",348777237,0.0,True,Everyone,"Jan 9, 2024",1783002109.0,3.27.0,https://www.vitastudio.ai
307,Wingspan: The Board Game,Monster Couch sp. z o.o.,Board,4.7342343,9416.0,869.0,"100,000+",125217,9.99,False,Everyone,"Nov 3, 2021",1782308550.0,1.8.962,https://monstercouch.com/
308,Flex City RP: Car Game Online,Jarvi Games Ltd,Action,4.480547,323819.0,2824.0,"50,000,000+",58043954,0.0,True,Mature 17+,"Oct 26, 2023",1782804579.0,1.9.2,https://jarvigames.com/
309,Chess Clash: Online & Offline,Miniclip.com,Board,4.444126,137390.0,1036.0,"10,000,000+",18032375,0.0,True,Everyone,"Oct 1, 2021",1776938127.0,8.13.3,https://www.miniclip.com/
310,Keiki Learning games for Kids,Benipol Limited,Educational,4.6791553,91876.0,1943.0,"5,000,000+",5825409,0.0,True,Everyone,"Aug 11, 2020",1781797956.0,10.11.2,https://keiki.app/
311,Arena Breakout: Realistic FPS,Level Infinite,Action,4.36217,955174.0,16760.0,"50,000,000+",58003092,0.0,True,Teen,"Jul 10, 2023",1773025592.0,1.0.236.236,https://arenabreakout.com
312,Piano Fire: Edm Music & Piano,Adaric Music,Music,4.5635595,726312.0,5813.0,"100,000,000+",295546763,0.0,True,Teen,"Sep 18, 2020",1782375298.0,1.0.244,http://musicgamestudio.top
313,Home Street - Dream House Sim,Supersolid,Simulation,4.391475,463178.0,20155.0,"10,000,000+",21383634,0.0,True,Everyone 10+,"Oct 10, 2017",1782846262.0,0.60.3,http://www.supersolid.com
314,Solitaire - Classic Card Games,Guru Puzzle Game,Card,4.8322916,661239.0,12061.0,"50,000,000+",74527072,0.0,True,Everyone,"Apr 25, 2021",1781696274.0,7.0.0-26061669,https://solitaire.gurugame.ai/
315,Shadowgun Legends: Online FPS,Deca_Games,Action,4.363978,369082.0,19804.0,"10,000,000+",19587891,0.0,True,Teen,"Mar 21, 2018",1782455774.0,1.8.4,https://decagames.com
316,Card Guardians Roguelike Games,Tapps Games - PT,Strategy,4.277149,55985.0,2467.0,"1,000,000+",2696306,0.0,True,Everyone 10+,"Sep 27, 2021",1783026450.0,4.5.0,https://playcardguardians.com/
317,Boxing Star:Sports Action Game,"ThumbAge Co., Ltd.",Sports,4.552876,862919.0,52516.0,"10,000,000+",37800533,0.0,True,Teen,"Jul 11, 2018",1782702156.0,8.0.0,https://www.thumbage.co.kr/
318,Board Kings: Board Dice Games,Playtika,Board,4.6570954,818340.0,99673.0,"50,000,000+",56052393,0.0,True,Everyone,"Mar 8, 2017",1781864921.0,6.2.1,https://www.playtika.com
319,MetaShot Smart Cricket,Metashot INC,Sports,3.4,3785.0,9.0,"100,000+",209655,0.0,True,Everyone,"May 31, 2023",1783318334.0,2.24,https://metashot.in
320,Last Stronghold: Idle Survival,SayGames Ltd,Role Playing,4.366792,155533.0,2885.0,"10,000,000+",14471597,0.0,True,Everyone 10+,"Apr 5, 2024",1781362513.0,1.9.1,https://say.games/
321,The Room Three,Fireproof Games,Puzzle,4.878545,113615.0,12145.0,"1,000,000+",1076952,3.99,False,Everyone,"Jan 11, 2016",1760449560.0,1.09,http://www.fireproofgames.com/android_help
322,Racing Motor Legend,"Moye Games, Ltd.",Racing,4.2,134.0,1.0,"100,000+",158358,0.0,True,Everyone,"Feb 8, 2023",1692699588.0,1.1.0,
323,Clash of Clans,Supercell,Strategy,4.4997315,61443288.0,1972533.0,"500,000,000+",873063461,0.0,True,Everyone 10+,"Sep 30, 2013",1782803809.0,18.400.9,https://help.supercellsupport.com/clash-of-clans/en/
324,Kingdomino - The Board Game,Meeple Corp,Board,4.7272725,252.0,15.0,"1,000+",4311,2.0,False,Everyone,"Jun 25, 2025",1779795457.0,1.3.6784,https://www.meeplecorp.com
325,DoubleDown Casino Vegas Slots,DoubleDown Interactive LLC,Casino,4.147466,468524.0,107990.0,"10,000,000+",34506520,0.0,True,Teen,"Apr 27, 2012",1783304193.0,4.9.146,https://www.doubledowninteractive.com
326,Infinity Slots - Casino Games,Murka Games Limited,Casino,4.540717,375051.0,65177.0,"5,000,000+",5653046,0.0,True,Teen,"Oct 8, 2015",1781181860.0,6.56.0,https://murka.com
327,Huuuge Casino 777 Slots Games,Huuuge Games - Play Together,Casino,4.4740515,843785.0,98206.0,"50,000,000+",52516664,0.0,True,Teen,"Jun 19, 2015",1782389096.0,12.06.26935,http://www.huuugegames.com/
328,Pango Music Band Maker,Studio Pango - Kids Fun preschool learning games,Music,4.0694447,213.0,15.0,"10,000+",38649,5.99,False,Everyone,"Jul 17, 2019",1764232787.0,1.5.0,http://www.studio-pango.com/
329,Jackpot Master™ Slots - Casino,Zeroo Gravity Games,Casino,4.847554,466487.0,41095.0,"10,000,000+",11209378,0.0,True,Teen,"Jul 22, 2021",1780655023.0,2.0.84,http://zeroogravitygames.com/
330,Last Asylum: Plague,37GAMES GLOBAL,Strategy,4.709293,242592.0,3373.0,"10,000,000+",12376299,0.0,True,Teen,"Feb 28, 2026",1782960854.0,1.0.86,
331,Soccer Club Management 2026,Go Play Games Ltd,Sports,3.8275862,5013.0,28.0,"500,000+",691196,0.0,True,Everyone,"Jan 29, 2026",1776936803.0,1.1.6,https://www.footballclubmanagement.co.uk/
332,Microsoft Solitaire Collection,Microsoft Corporation,Card,3.9405594,282728.0,28945.0,"10,000,000+",15113590,0.0,True,Everyone,"Nov 22, 2016",1781024545.0,4.25.5142.1,https://microsoftcasualgames.com/
333,Bike Mayhem Mountain Racing,Best Free Games Inc.,Racing,3.94,25386.0,499.0,"500,000+",689231,0.99,False,Everyone,"Feb 23, 2014",1742083243.0,1.81,http://goldmarkstudios.com/
334,Arcadium - Space Shooter,Luciano Bercini,Arcade,4.769585,32666.0,1804.0,"1,000,000+",3143512,0.0,True,Everyone,"Jun 12, 2019",1771767905.0,26.02.0,https://luciano-bercini.github.io
335,RETROXEL: Retro Arcade Games,sungjun221,Arcade,4.3627453,4748.0,103.0,"500,000+",506471,0.0,True,Everyone,"Apr 14, 2025",1782409874.0,0.5.5,https://retroxel.com
336,Word Search,Italic Games,Word,4.758191,451614.0,37189.0,"10,000,000+",43673826,0.0,True,Everyone,"Aug 19, 2019",1773143853.0,2.2.5,http://www2.italy-games.com
337,Left to Survive: Survival Game,MY.GAMES HOLDINGS LTD,Action,4.5009995,651646.0,17306.0,"50,000,000+",59854676,0.0,True,Mature 17+,"Jul 24, 2018",1780652791.0,8.4.1,https://lts.my.games/
338,World Cricket Championship  1,Nextwave Multimedia,Sports,3.6153846,920892.0,8381.0,"50,000,000+",90333512,0.0,True,Everyone,"Jun 6, 2011",1779771763.0,5.9,http://nextwavemultimedia.com/
339,War Robots Multiplayer Battles,MYGAMES MENA FZ LLC,Action,4.268144,5175928.0,269989.0,"100,000,000+",188096283,0.0,True,Everyone 10+,"Aug 26, 2015",1782369823.0,12.2.1,http://warrobots.com
340,Pokémon TCG Pocket - Card Game,The Pokémon Company,Card,4.573107,1757467.0,38720.0,"50,000,000+",65343821,0.0,True,Everyone,"Oct 22, 2024",1774842731.0,1.6.0,
341,LUDUS・Strategy PvP Battle Game,TOP APP GAMES LTD,Strategy,4.407117,232955.0,3230.0,"5,000,000+",7163640,0.0,True,Everyone 10+,"Oct 17, 2023",1782897886.0,1.34.0,https://mergegame.app/
342,Cricket Captain 2025,Childish Things,Sports,3.5,542.0,8.0,"100,000+",156371,0.0,True,Everyone,"Jul 2, 2025",1773007921.0,1.43,https://www.childishthings.com/
343,NBA 2K Mobile Basketball Game,"2K, Inc. - a Take-Two Interactive affiliate",Sports,4.730849,564984.0,33003.0,"10,000,000+",26311616,0.0,True,Everyone,"Apr 17, 2019",1782510063.0,10.14.12266269,https://nba2kmobile.com
344,MONOPOLY,Marmalade Game Studio,Board,4.117131,140286.0,20102.0,"1,000,000+",2910500,4.99,False,Everyone,"Dec 4, 2019",1781881674.0,1.15.22,https://marmaladegamestudio.com/
345,T20 Cricket Champions 3D,Zapak,Sports,3.7,169077.0,90.0,"10,000,000+",49033513,0.0,True,Everyone,"Mar 18, 2016",1783080320.0,1.8.696,https://www.zapak.com
346,Vampire's Fall: Origins RPG,Early Morning Studio,Role Playing,4.6533813,661629.0,30456.0,"10,000,000+",15123467,0.0,True,Teen,"Sep 6, 2018",1769695933.0,1.18.122,http://earlymorningstudio.com/
347,Hitwicket™ Cricket Game 2026,Hitwicket Cricket Games,Sports,4.3846154,275735.0,491.0,"10,000,000+",19044336,0.0,True,Everyone,"Mar 22, 2019",1783091774.0,12.24.0,https://hitwicket.com/
348,KALPA - Original Rhythm Game,QueseraGames,Music,4.19,10504.0,271.0,"1,000,000+",1105359,0.0,True,Teen,"Jan 31, 2021",1783348731.0,3.2.44,https://www.queseragames.com/
349,Offline Games,Mindful Daily Puzzles,Casual,4.27,15713.0,46.0,"5,000,000+",9464022,0.0,True,Everyone,"Sep 30, 2024",1772099490.0,1.0.27,https://www.pandasofcaribbean.com/
350,Sachin Saga Pro Cricket,JetSynthesys Inc,Sports,3.95,57248.0,42.0,"10,000,000+",13152241,0.0,True,Everyone,"Jul 12, 2023",1781868075.0,1.0.97,https://www.sachinsaga.com/
351,RF ONLINE NEXT,Netmarble,Role Playing,3.5135136,41875.0,424.0,"1,000,000+",2223739,0.0,True,Mature 17+,"Jun 11, 2026",1782480558.0,1.28.5,https://rfonlinenext.netmarble.com/
352,Learning Games for Toddlers,Bebi Family: Educational Games for Kids,Educational,4.6237626,6537.0,193.0,"1,000,000+",2796309,0.0,True,Everyone,"Jun 8, 2021",1759931886.0,9.08.16,https://bebi.family/en/game/bebi-toddlers
353,Design Home™: House Makeover,Crowdstar Inc,Simulation,4.335412,1220790.0,203467.0,"50,000,000+",83050718,0.0,True,Everyone,"Nov 16, 2016",1780932199.0,1.133.061,https://www.ea.com/games/design-home
354,Plato: Fun Multiplayer Games,Plato Team Inc.,Casual,4.6739316,818841.0,10156.0,"50,000,000+",63576121,0.0,True,Teen,"Dec 7, 2016",1782835323.0,7.0.2,https://www.platoapp.com/faq
355,Incredibox,SO FAR SO GOOD,Music,4.8726573,69760.0,8641.0,"1,000,000+",1410864,2.99,False,Everyone,"Dec 14, 2017",1765388782.0,1.0.0,https://www.incredibox.com/
356,Hot Shot Casino Slot Games,SciPlay,Casino,4.439566,211575.0,37713.0,"5,000,000+",7901691,0.0,True,Teen,"Jun 15, 2016",1778075597.0,3.01.32,https://www.sciplay.com/
357,Tiles Hop Music & Ball Game,AMANOTES PTE. LTD.,Music,4.299823,3353332.0,80328.0,"500,000,000+",668513007,0.0,True,Everyone 10+,"Jan 16, 2018",1783423582.0,8.10.2,http://amanotes.com
358,The Battle of Polytopia,Midjiwan AB,Strategy,4.410035,235871.0,19039.0,"10,000,000+",17025622,0.0,True,Everyone 10+,"Nov 30, 2016",1783331559.0,2.17.2.16299,http://www.polytopia.io
359,Arcade Games,arcde,Arcade,4.34,17473.0,240.0,"1,000,000+",1897748,0.0,True,Everyone,"Nov 26, 2021",1728608565.0,16,http://androidgame.net.cn/Privacy.txt
360,Find It Out® - Hidden Object,Guru Puzzle Game,Puzzle,4.868976,392469.0,7173.0,"10,000,000+",43252704,0.0,True,Everyone,"Sep 2, 2022",1782298547.0,3.80.0,https://find.gurugame.ai/
361,King Of Cricket Games,Cricket Games Company,Sports,3.990196,341883.0,80.0,"10,000,000+",28250071,0.0,True,Everyone,"Sep 11, 2023",1777557762.0,1.0.57,http://playcricketgames.com/
362,Solar System for kids,Kokotots Inc,Educational,4.33,1788.0,76.0,"500,000+",569313,0.0,True,Everyone,"Jun 22, 2021",1772107862.0,3.0,http://kokotots.com
363,Couch Trivia Quiz party game,Roy Solberg,Trivia,4.324324,196.0,4.0,"10,000+",35245,0.0,True,Everyone,"Aug 6, 2025",1783269867.0,2.6.0,
364,Skip-Bo™: Solitaire Card Game,Mattel163 Limited,Card,4.834065,386970.0,9478.0,"10,000,000+",12014174,0.0,True,Everyone,"Oct 23, 2021",1782812623.0,1.12.9050,https://www.mattel163.com/
365,Music Ballz Hop,SAMFEN LIMITED,Music,4.564557,41110.0,488.0,"10,000,000+",48840324,0.0,True,Everyone,"May 31, 2024",1779782392.0,0.0.22,https://www.samfen.com
366,Word Master,Fugo Games,Word,4.863388,24522.0,761.0,"1,000,000+",1496580,0.0,True,Everyone,"Feb 9, 2025",1782926914.0,0.5.24,https://fugo.com.tr/
367,Stick Cricket Premier League,Stick Sports Ltd,Sports,4.65,365637.0,14027.0,"10,000,000+",12250865,0.0,True,Everyone,"Apr 16, 2013",1781624261.0,1.15.9,http://www.sticksports.com/mobile/spl-android-support.php
368,Vlogger Go Viral: Tuber Life,Tapps Games,Strategy,4.545125,2282747.0,151855.0,"50,000,000+",69454179,0.0,True,Everyone,"Nov 10, 2015",1779988557.0,2.43.76,http://tappsgames.com
369,Club Vegas Casino Slots Games,Bagelcode: Social Casino & Slot Machine Games,Casino,4.821319,646863.0,103884.0,"10,000,000+",21279420,0.0,True,Teen,"Jun 29, 2017",1783057482.0,Varies with device,https://bagelcode.com
370,PewDiePie's Tuber Simulator,Outerminds Inc.,Simulation,4.7017293,2028964.0,236728.0,"10,000,000+",29216043,0.0,True,Teen,"Sep 28, 2016",1782418479.0,2.81.0,http://www.outerminds.com
371,Hero Wars: Alliance RPG Legend,NEXTERS GLOBAL LTD,Role Playing,4.5212164,1732812.0,66067.0,"100,000,000+",169191428,0.0,True,Teen,"Mar 15, 2017",1783329760.0,1.282.402,https://nextersglobal.com
372,Free Fire: 9th Anniversary,GARENA INTERNATIONAL I,Action,4.3162613,128827068.0,653060.0,"1,000,000,000+",2108994697,0.0,True,Teen,"Dec 7, 2017",1782448778.0,1.128.2,
373,Math Kids: Math Games For Kids,RV AppStudios,Educational,4.5108056,68542.0,1055.0,"50,000,000+",76488316,0.0,True,Everyone,"Aug 22, 2017",1782466442.0,Varies with device,http://www.rvappstudios.com
374,Mad Zombies: Offline Games,VNGGames Studios,Action,3.960114,152724.0,2559.0,"10,000,000+",49089663,0.0,True,Mature 17+,"Oct 3, 2018",1760416399.0,5.35.2,http://deadtarget.com
375,Trivia Crack Retro Quiz,etermax,Trivia,4.5487204,481196.0,14472.0,"50,000,000+",53665630,0.0,True,Everyone,"Oct 23, 2018",1782830955.0,1.227.0,https://www.etermax.com
376,Shadow Fight 3 - RPG fighting,NEKKI,Role Playing,4.591321,4489781.0,75341.0,"100,000,000+",208340265,0.0,True,Teen,"Nov 16, 2017",1781776354.0,1.45.3,http://www.nekki.com
377,FarmVille 2: Country Escape,Zynga,Casual,4.563445,3207974.0,169794.0,"50,000,000+",77214194,0.0,True,Everyone,"Apr 16, 2014",1781962567.0,30.2.191,http://www.zynga.com
378,Candy Crush Saga,King,Casual,4.626892,38925461.0,2092359.0,"1,000,000,000+",2275709310,0.0,True,Everyone,"Nov 15, 2012",1782382747.0,1.331.0.1,http://candycrushsaga.com
379,Bike Mechanic,Giraffe Games Limited,Simulation,4.03,3839.0,193.0,"1,000,000+",1183413,0.0,True,Everyone,"Sep 25, 2023",1781377921.0,1.2,https://giraffe-games.com/
380,Preschool & Kindergarten Games,RosiMosi LLC,Educational,4.1959186,27889.0,10399.0,"1,000,000+",3712274,0.0,True,Everyone,"Mar 23, 2012",1769042266.0,15.0.5,http://www.rosimosi.com
381,World Cricket Championship 3,Nextwave Multimedia,Sports,4.2971888,539702.0,979.0,"10,000,000+",42545830,0.0,True,Everyone,"Sep 13, 2020",1780761720.0,3.2.3,http://www.nextwavemultimedia.com
382,Moto X3M Bike Race Game,Ace Viral,Racing,4.6208477,557026.0,29842.0,"100,000,000+",176158151,0.0,True,Everyone,"Aug 18, 2015",1770802520.0,1.21.17,https://www.AceViral.com
383,Basketball Rivals: Showdown,Green Horse Games,Sports,4.23,12521.0,66.0,"1,000,000+",1534412,0.0,True,Everyone,"Sep 18, 2022",1782473314.0,1.96.956,https://www.greenhorsegames.com/
384,Coin Master,Moon Active,Casual,4.7510405,10396779.0,692138.0,"100,000,000+",345779850,0.0,True,Teen,"Feb 4, 2016",1783318086.0,3.5.2610,http://moonactive.zendesk.com
385,Millionaire - Quiz & Trivia,Trivia & Quiz Games by Nuomondo,Trivia,4.622556,207737.0,568.0,"50,000,000+",51649736,0.0,True,Teen,"Jan 20, 2021",1782303757.0,2.1.8,https://nuomondo.github.io/
386,Dead Target: Offline Games 3D,VNGGames Studios,Action,4.5708437,2367121.0,56768.0,"100,000,000+",216915490,0.0,True,Mature 17+,"Jun 16, 2014",1783418968.0,4.176.0,http://deadtarget.com
387,Guess in 10 by Skillmatics,Grasper Global (Skillmatics),Educational,3.8,387.0,78.0,"100,000+",127943,0.0,True,Everyone,"Jun 30, 2021",1773305635.0,2.2.2,https://www.skillmaticsworld.com/
388,Block Blast!,HungryStudio,Puzzle,4.8323894,4973932.0,72651.0,"500,000,000+",989040603,0.0,True,Everyone,"Sep 23, 2022",1783353753.0,10.2.9,https://hungrystudio.com?utm_source=googleplay&utm_medium=referral&utm_campaign=visitwebsite
389,Supremacy: World War 3,Stillfront Supremacy Ltd,Strategy,4.389994,182927.0,9579.0,"10,000,000+",14731846,0.0,True,Teen,"Sep 3, 2020",1781592646.0,0.231,https://www.doradogames.com
390,ABC Dragons: Learn to read,Didactoons,Educational,,,,"10,000+",13648,0.0,True,Everyone,"May 5, 2026",1779961471.0,26.05.020,https://www.didactoons.com
391,Super Bear Adventure,Earthkwak Games,Adventure,4.409091,1022758.0,9285.0,"100,000,000+",220105034,0.0,True,Everyone,"Jun 10, 2017",1777482779.0,12.1.5,https://earthkwak.games/
392,Last Z: Survival Shooter,Omnilojo Pte Ltd,Strategy,4.4819717,751934.0,20960.0,"10,000,000+",37692697,0.0,True,Teen,"Jun 7, 2024",1783341402.0,1.250.716,https://last-z.com/
393,Stumble Guys,Scopely,Action,4.7028613,6758065.0,73450.0,"100,000,000+",472814517,0.0,True,Everyone,"Sep 24, 2020",1782456383.0,0.100.2,https://www.scopely.com/
394,Homescapes,Playrix,Casual,4.7277884,13318458.0,370484.0,"500,000,000+",517542762,0.0,True,Everyone,"Sep 19, 2017",1783353149.0,8.9.701,https://www.playrix.com/homescapes/index.html
395,1945 Air Force: Plane Shooter,1SOFT,Arcade,4.797742,4298813.0,49086.0,"100,000,000+",304431703,0.0,True,Everyone 10+,"Mar 5, 2019",1782890141.0,Varies with device,http://falcongames.com
396,Racing Fever: Moto,Gamebeam,Racing,4.3063316,703116.0,4379.0,"100,000,000+",189150901,0.0,True,Everyone,"Jan 9, 2018",1770066441.0,2.2.3,https://www.gamebeam.org/
397,Empires & Puzzles: Match-3 RPG,Small Giant Games,Puzzle,4.466981,2389937.0,97742.0,"50,000,000+",78183146,0.0,True,Everyone 10+,"Mar 1, 2017",1782470881.0,87.0.1,http://www.zynga.com/support/
398,The Arcade · Game Hub Launcher,Rollerbush,Personalization,4.48,5746.0,196.0,"1,000,000+",1827493,0.0,True,Everyone,"Mar 22, 2024",1783209737.0,4.0.2,
399,NTE: Neverness to Everness,N2E,Role Playing,4.5753274,113502.0,3064.0,"5,000,000+",6262313,0.0,True,Teen,"Apr 24, 2026",,Varies with device,https://nte.perfectworld.com
400,Lingokids: Games & Shows,"Lingokids - Games, Shows & Songs for Kids",Education,4.304709,214136.0,2934.0,"50,000,000+",76338391,0.0,True,Everyone,"Aug 10, 2015",1783000891.0,26.27.0,https://www.lingokids.com/
401,Landmark Quiz: Play & Learn,Dong Digital,Trivia,4.888889,123.0,2.0,"10,000+",19171,0.0,True,Everyone,"Dec 6, 2021",1638797655.0,1.0.1,https://www.dong.digital/landmarkquiz/
402,Welcome To Everdell,Dire Wolf Digital,Board,4.63,699.0,33.0,"10,000+",36371,4.0,False,Everyone,"Jun 7, 2024",1776200365.0,1.0.1,http://www.direwolfdigital.com
403,Race Max Pro - Car Racing Game,Revani,Racing,4.700245,681062.0,4126.0,"10,000,000+",49521743,0.0,True,Everyone,"Nov 20, 2023",1782473421.0,2.13.16,https://revani.game
404,IQ & brain test: Triviascapes,Quiz & Trivia Games by Mno Go Apps,Trivia,4.7761335,607936.0,6311.0,"10,000,000+",17108751,0.0,True,Everyone,"Jan 31, 2024",1781875967.0,2.11.024,https://triviascapes.mnogoteams.com/
405,Hill Climb Racing,Fingersoft,Racing,4.1859484,10625517.0,367853.0,"1,000,000,000+",1262140148,0.0,True,Everyone,"Sep 22, 2012",1782111304.0,1.70.0,https://www.fingersoft.com
406,Galaxiga: Galaxy Arcade Game,1SOFT,Arcade,4.741959,449780.0,37743.0,"100,000,000+",102685453,0.0,True,Everyone 10+,"Jul 15, 2019",1782471335.0,Varies with device,http://falcongames.com
407,Vegas Slots 777 Casino Games,Three wishes slot machines game studio,Casino,4.6679115,352674.0,43861.0,"10,000,000+",11406159,0.0,True,Teen,"Feb 2, 2017",1782828146.0,35.0,https://newslots.app/
408,Roblox,Roblox Corporation,Adventure,4.183048,49489587.0,3647605.0,"1,000,000,000+",1625535575,0.0,True,Teen,"Jul 15, 2014",1782428146.0,Varies with device,http://www.roblox.com
409,Idle Miner Tycoon: Gold Games,Kolibri Games,Simulation,4.5427113,5804356.0,287599.0,"100,000,000+",173444351,0.0,True,Everyone,"Jun 30, 2016",1783358120.0,5.58.1,http://www.idleminertycoon.com/
410,Hay Day,Supercell,Casual,4.3420496,13119074.0,416182.0,"100,000,000+",367945194,0.0,True,Everyone,"Nov 13, 2013",1782377221.0,1.71.131,https://help.supercellsupport.com/hay-day/en/
411,Mighty Fu Casino Slots Games,Product Madness,Casino,4.6397514,69234.0,9533.0,"5,000,000+",6816666,0.0,True,Teen,"Nov 27, 2017",1782906658.0,5.3.0,http://www.productmadness.com
412,Score! Hero,First Touch Games Ltd.,Sports,4.537472,7907140.0,46174.0,"100,000,000+",311583086,0.0,True,Everyone,"Nov 19, 2015",1780328480.0,4.600,http://www.ftgames.com
413,Rummy - Fun & Friends,GameDuell,Card,4.2782607,123680.0,264.0,"1,000,000+",3360443,0.0,True,Everyone,"Oct 4, 2023",1782289940.0,2026.26.2,https://www.rummy-fun.com/
414,Hearthstone,"Blizzard Entertainment, Inc.",Card,4.1424756,2021126.0,64806.0,"50,000,000+",59525811,0.0,True,Teen,"Dec 16, 2014",1783016800.0,36.0.246003,https://battle.net/support/help/games/hearthstone
415,Quick Hit Casino Slots Games,SciPlay,Casino,4.6737323,892566.0,238568.0,"10,000,000+",23045474,0.0,True,Teen,"Mar 10, 2015",1780521048.0,3.69.00,https://www.quickhitslots.com/
416,Legendale: Adventure Games,Guli Games Ltd,Adventure,4.7242904,51064.0,1565.0,"1,000,000+",2980684,0.0,True,Everyone,"Jun 20, 2022",1782155290.0,0.58.1,https://guli-games.com
417,Standoff 2,AXLEBOLT LTD,Action,4.2958174,11974207.0,43640.0,"100,000,000+",203337348,0.0,True,Teen,"Jul 19, 2017",1781813241.0,0.39.1,https://axlebolt.com
418,SimCity BuildIt,ELECTRONIC ARTS,Simulation,4.122729,5568002.0,190380.0,"100,000,000+",147275738,0.0,True,Everyone 10+,"Dec 15, 2014",1782169468.0,1.79.1.14223324,http://help.ea.com/en/simcity/simcity-buildit/
419,League of Legends: Wild Rift,"Riot Games, Inc",Strategy,3.2807357,2446688.0,33338.0,"50,000,000+",77358629,0.0,True,Teen,"Mar 28, 2021",1780040115.0,7.1.0.9852,https://wildrift.leagueoflegends.com/
420,Carnival Tycoon: Coin Games,Wild Candle Spin LLC,Simulation,4.27267,108164.0,2800.0,"10,000,000+",12524859,0.0,True,Everyone 10+,"Sep 13, 2022",1782898819.0,1.0.114,https://www.wildcandlespin.com/
421,Pinball Arcade,Farsight Studios,Arcade,2.9224138,41406.0,5361.0,"5,000,000+",7180957,0.0,True,Teen,"Feb 10, 2012",1695332935.0,2.22.69,http://www.pinballarcade.com
422,Kids Learn to Read Lite,Intellijoy Educational Games for Kids,Educational,4.14,21269.0,1643.0,"5,000,000+",9257888,0.0,True,Everyone,"Jun 20, 2011",1780747457.0,3.9.3,http://www.intellijoy.com
423,"ZEPETO: Avatar, Connect & Live",Naver Z Corporation,Entertainment,4.6043324,3050946.0,57272.0,"100,000,000+",241695136,0.0,True,Teen,"Aug 30, 2018",1782806513.0,4.26.100,https://zepeto.me/
424,Albion Online - Sandbox MMORPG,Sandbox Interactive GmbH,Role Playing,4.4745893,391881.0,9917.0,"10,000,000+",21061036,0.0,True,Everyone 10+,"Jun 9, 2021",1782832725.0,1.31.031.337183,https://albiononline.com
425,Goal Battle - PvP Soccer Game,MAGE Games,Sports,4.5066667,94800.0,671.0,"5,000,000+",8807047,0.0,True,Everyone 10+,"Jun 25, 2024",1783109417.0,4.764.1,http://www.magegames.com
426,Cricket Team Coach 26,Playsport Games,Sports,4.029703,12866.0,31.0,"1,000,000+",2947067,0.0,True,Everyone,"Jun 12, 2025",1781798992.0,2026.7.2,http://www.playsportgames.com
427,Solitaire Grand Harvest,Supertreat - A Playtika Studio,Card,4.691549,2182106.0,245959.0,"50,000,000+",67985414,0.0,True,Everyone,"Jun 27, 2017",1782926345.0,2.420.1,https://www.solitairegrandharvest.com/
428,My Talking Tom 2: Pet Game,Outfit7 Limited,Casual,4.30381,6736175.0,50948.0,"1,000,000,000+",1103838595,0.0,True,Everyone,"Nov 6, 2018",1781876988.0,Varies with device,https://talkingtomandfriends.com/support/
429,Zombie Tsunami,Mobigame SAS,Arcade,4.5640435,6125533.0,82247.0,"500,000,000+",573716745,0.0,True,Everyone 10+,"Sep 10, 2013",1780314368.0,4.7.2,https://www.mobigame.net
430,My Singing Monsters,Big Blue Bubble Inc,Music,4.7676187,2561720.0,265643.0,"50,000,000+",75406283,0.0,True,Everyone,"Oct 15, 2012",1779304921.0,5.4.2,https://www.bigbluebubble.com/home/games/my-singing-monsters-series/my-singing-monsters/
431,Earth Arcade M: Torong Wanted,Minipact Games,Casual,4.535714,1280.0,14.0,"100,000+",175118,0.0,True,Everyone,"Jun 12, 2025",1781752386.0,1.00.32,https://www.minipactgames.com/
432,SUPERSMART Party Trivia!,Ludus Super,Trivia,,,,"1,000+",2117,0.0,True,Everyone,"Apr 23, 2024",1773524992.0,1.5.1,http://supersmart.fi
433,Jeopardy!® Trivia TV Game Show,Uken Games,Trivia,4.373188,169297.0,45711.0,"5,000,000+",5148075,0.0,True,Everyone,"May 17, 2017",1780344911.0,59.0.1,https://uken.com/
434,Head Ball 2 - Online Soccer,Masomo Gaming,Sports,4.535172,2556778.0,32050.0,"100,000,000+",231011613,0.0,True,Everyone,"Apr 16, 2018",1781855204.0,1.642,https://www.masomo.com
435,Fun Run 4: Multiplayer Racing,Dirtybit,Racing,4.719715,41259.0,1613.0,"1,000,000+",2909745,0.0,True,Everyone 10+,"Oct 16, 2023",1783235803.0,2.42.0,https://www.dirtybit.com/funrun4
436,Dan the Man: Action Platformer,Halfbrick Studios,Arcade,4.745571,1999927.0,71101.0,"100,000,000+",136156871,0.0,True,Teen,"Oct 4, 2016",1782125477.0,1.12.75,http://www.halfbrick.com/our-games/dan-the-man/
437,Total Battle: War Strategy,Scorewarrior,Strategy,4.091495,340546.0,9694.0,"50,000,000+",66393119,0.0,True,Everyone 10+,"Oct 8, 2018",1783007564.0,345.2.75,http://scorewarrior.com
438,Temple Run 2: Endless Escape,Imangi Studios,Action,4.091697,9875894.0,373286.0,"1,000,000,000+",1221712829,0.0,True,Everyone 10+,"Jan 23, 2013",1781677470.0,1.133.0,http://www.imangistudios.com/contact.html
439,Yalla Ludo - Ludo&Jackaroo,Aviva Sun,Board,4.326957,1259509.0,14510.0,"100,000,000+",284816380,0.0,True,Teen,"Sep 20, 2018",1782450741.0,1.5.0.0,https://www.yallaludo.com/
440,Mad Skills BMX 2: Bike Game,Turborilla,Action,4.1764355,158699.0,6793.0,"50,000,000+",62778795,0.0,True,Everyone,"Jan 31, 2018",1770945433.0,2.8.6,http://www.turborilla.com/
441,Lotsa Slots - Casino Games,SpinX Games Limited,Casino,4.8357296,1267623.0,112739.0,"10,000,000+",31909935,0.0,True,Teen,"Oct 22, 2017",1782805893.0,Varies with device,https://spinxgames.com/
442,Gardenscapes,Playrix,Casual,4.7543917,13290050.0,354142.0,"500,000,000+",597191047,0.0,True,Everyone,"Aug 24, 2016",1783419577.0,9.7.5,https://www.playrix.com/gardenscapes/index.html
443,Chess - Offline Board Game,GamoVation,Board,4.823343,1074932.0,8153.0,"100,000,000+",100021072,0.0,True,Everyone,"Sep 27, 2021",1779269463.0,2.8.4,https://www.gamovation.com
444,Real Cricket™ Swipe,Nautilus Mobile,Sports,4.24,125390.0,46.0,"5,000,000+",9879015,0.0,True,Everyone,"Feb 11, 2025",1780319515.0,2.2,https://www.nautilusmobile.com/
445,Fishdom,Playrix,Puzzle,4.6065598,6712627.0,294966.0,"100,000,000+",468628707,0.0,True,Everyone,"Mar 2, 2016",1782508129.0,9.9.2.0,https://www.playrix.com/fishdom/index.html
446,Solitaire Card Game,Degoo ltd,Card,4.8196483,35496.0,2875.0,"5,000,000+",7954679,0.0,True,Everyone,"Nov 2, 2021",1778725822.0,2.4.8,https://www.6677g.com/
447,Cashman Casino Slots Games,Product Madness,Casino,4.52525,545387.0,119237.0,"10,000,000+",21768439,0.0,True,Teen,"Nov 21, 2016",1781883630.0,5.12.255,http://www.productmadness.com
448,War Machines：Tanks Battle Game,Wildlife Studios,Action,4.459642,1777989.0,52736.0,"100,000,000+",227477110,0.0,True,Everyone 10+,"Nov 16, 2016",1783110758.0,8.70.1,https://wildlifestudios.com/
449,Combat Master Mobile FPS,Alfa Bravo Inc.,Action,4.573341,244576.0,7429.0,"10,000,000+",14648132,0.0,True,Teen,"Dec 23, 2021",1771020863.0,0.29.2,https://www.alfabravo.us
450,Dune: Imperium Digital,Dire Wolf Digital,Board,4.888889,8863.0,301.0,"50,000+",56692,6.59,False,Everyone 10+,"Feb 29, 2024",1782510073.0,4.0.9.1737,https://www.direwolfdigital.com
451,Retro Bowl College,New Star Games Ltd,Sports,4.3411217,7891.0,2987.0,"1,000,000+",2066375,0.0,True,Everyone,"Sep 18, 2023",1777286723.0,1.0.19,http://www.newstargames.com
452,QuizzLand. Quiz & Trivia game,Quiz & Trivia Games by Mno Go Apps,Trivia,4.786284,1899642.0,34640.0,"100,000,000+",148661177,0.0,True,Everyone,"Feb 14, 2018",1783334565.0,3.15.004,https://content.quizz.land/
453,Battle Simulator: Warfare,PlaySide Studios,Strategy,4.352751,31124.0,1697.0,"1,000,000+",3911181,0.0,True,Teen,"Jun 22, 2021",1777857519.0,1.3.337,http://www.playsidestudios.com/
454,Cricket or Nothing,NEODHA GAME INNOVATIONS PRIVATE LIMITED,Sports,,,,"10,000+",29421,0.0,True,Everyone,"Feb 5, 2026",1781508835.0,2.0.7,https://cricketornothing.com
455,Match Factory!,Peak,Puzzle,4.662881,665351.0,23121.0,"10,000,000+",26268023,0.0,True,Everyone,"Dec 21, 2023",1783350452.0,1.71.148,https://www.peak.com
456,Baby Games for 1-3 Year Olds,Bebi Family: preschool learning games for kids,Educational,4.586337,119566.0,23364.0,"10,000,000+",10533138,0.0,True,Everyone,"Aug 27, 2019",1780901277.0,7.01.49,
457,Yu-Gi-Oh! Duel Links,KONAMI,Card,4.419361,2263668.0,145052.0,"50,000,000+",67168777,0.0,True,Teen,"Jan 10, 2017",1781577634.0,10.9.0,https://www.konami.com/yugioh/duel_links/
458,RPG Toram Online - MMORPG,"Asobimo, Inc.",Role Playing,4.4875774,1024128.0,78547.0,"10,000,000+",15023211,0.0,True,Teen,"Jul 9, 2015",1782268626.0,4.1.32,https://toram.jp/
459,Jenny Solitaire® - Card Games,Oakever Games,Card,4.6770415,274151.0,6361.0,"1,000,000+",4991209,0.0,True,Everyone,"Jul 3, 2023",1782129230.0,1.53.0,https://oakevergames.com/
460,UNO Wonder,Mattel163 Limited,Card,4.633803,16738.0,1246.0,"5,000,000+",8807513,0.0,True,Everyone,"Sep 12, 2025",1782460745.0,1.5.6292,https://www.mattel163.com
461,Stick Cricket Super League,Stick Sports Ltd,Sports,4.243523,258889.0,492.0,"10,000,000+",16388344,0.0,True,Everyone,"Dec 14, 2016",1783081618.0,1.12.6,http://www.sticksports.com
462,Dancing Road Color Balls Match,AMANOTES PTE. LTD.,Arcade,4.6016483,774246.0,17121.0,"100,000,000+",260289699,0.0,True,Everyone,"Oct 29, 2018",1783421795.0,3.1.6,http://amanotes.com
463,Galaxy Casino - Slots game,NuriGames Inc.,Casino,4.4870296,71520.0,8848.0,"1,000,000+",2844920,0.0,True,Teen,"Nov 13, 2012",1781163736.0,46.41,https://www.nurigames.com/
464,Soccer Games: Soccer Stars,Miniclip.com,Sports,4.5358853,2386209.0,49122.0,"100,000,000+",113994849,0.0,True,Everyone,"Jun 11, 2014",1781616521.0,36.14.2,https://www.miniclip.com
465,MONOPOLY GO!,Scopely,Board,4.5934124,3177263.0,311260.0,"100,000,000+",126661003,0.0,True,Everyone,"Apr 11, 2023",1782772257.0,1.71.5,https://support.monopolygo.com/
466,Extreme Car Driving Simulator,AxesInMotion Racing,Racing,4.2919283,4801358.0,121183.0,"500,000,000+",751541119,0.0,True,Everyone,"Jul 15, 2014",1783340921.0,7.12.2,https://www.axesinmotion.com
467,Kingshot,Century Games PTE. LTD.,Strategy,4.377784,1445549.0,15250.0,"50,000,000+",50331736,0.0,True,Everyone 10+,"Mar 3, 2025",1781595176.0,1.10.7,
468,GeoGuessr,GeoGuessr,Trivia,4.287037,85019.0,1415.0,"10,000,000+",11528997,0.0,True,Everyone,"Apr 14, 2021",1782912588.0,11.7,https://www.geoguessr.com/
469,Game of Thrones: Dragonfire,Warner Bros. International Enterprises,Strategy,4.6513157,18866.0,623.0,"1,000,000+",2034208,0.0,True,Teen,"May 28, 2026",1783353326.0,26.6.53779,https://hbogamessupport.wbgames.com/hc/en-us/requests/new
470,Ludo Club - Fun Dice Game,Moonfrog,Board,4.3283453,1975935.0,11221.0,"100,000,000+",233498988,0.0,True,Everyone,"Sep 6, 2017",1782997702.0,2.6.42,http://moonfroglabs.com
471,AFK Journey,FARLIGHT,Role Playing,4.5375566,297326.0,10271.0,"5,000,000+",8412111,0.0,True,Teen,"Mar 22, 2024",,Varies with device,https://www.farlightgames.com/
472,City Island 5 - Building Sim,Sparkling Society - Build Town City Building Games,Simulation,4.5990396,475796.0,11226.0,"10,000,000+",23788765,0.0,True,Everyone,"Dec 16, 2018",1782723351.0,5.8.0,http://www.sparklingsociety.net
473,BitLife - Life Simulator,"Candywriter, LLC",Simulation,4.4065127,1298483.0,248534.0,"50,000,000+",58958329,0.0,True,Mature 17+,"Feb 5, 2019",1782868178.0,3.23.8,https://candywriter.com/
474,Sonic Dash Run,SEGA,Arcade,4.695162,6512052.0,416849.0,"500,000,000+",516229623,0.0,True,Everyone,"Nov 26, 2013",1782483094.0,10.1.0,https://www.sega.com
475,Endless Quiz Pro,TIMLEG,Trivia,4.72,2841.0,135.0,"100,000+",126309,2.99,False,Everyone,"Jan 8, 2017",1774983846.0,1.0.3.4.7,
476,Animals & Coins Adventure Game,Innplay Labs,Adventure,4.8591127,1062867.0,34966.0,"10,000,000+",40550117,0.0,True,Everyone,"May 13, 2021",1782915822.0,16.7.1,https://www.innplaylabs.com/
477,Kpop Piano Beats - Music Game,Sonata Studio: Piano Rhythm,Music,4.63115,442978.0,2770.0,"10,000,000+",42236841,0.0,True,Everyone 10+,"Aug 30, 2023",1782726069.0,5.6.0,https://kpopmagictiles.netlify.app/app-ads.txt
478,Car Parking Multiplayer 2,olzhass,Racing,4.2510824,181676.0,2637.0,"10,000,000+",25880965,0.0,True,Everyone,"Aug 19, 2024",1780713817.0,1.3.2.3,
479,Tile Story: Match Puzzle Game,LinkDesks Classic Puzzle Games,Board,4.866561,134013.0,937.0,"10,000,000+",27750184,0.0,True,Everyone,"Mar 22, 2024",1781785080.0,3.6.2.4532,http://linkdesks.net
480,GWENT: The Witcher Card Game,CD PROJEKT S.A.,Card,4.307179,428104.0,12168.0,"5,000,000+",6061689,0.0,True,Teen,"Mar 24, 2020",1781777697.0,11.10.16,https://www.playgwent.com
481,Flat Zombies: Defense&Cleanup,PaVolDev,Action,4.6020217,206641.0,8754.0,"10,000,000+",25948455,0.0,True,Mature 17+,"Dec 15, 2016",1781470493.0,2.1.0,https://pavoldev.github.io/
482,1 2 3 4 Player Games - Offline,JindoBlu,Arcade,4.668763,152325.0,1716.0,"100,000,000+",116401644,0.0,True,Everyone,"Dec 14, 2022",1781800529.0,3.1.4,https://www.jindoblu.com
483,Balatro,Playstack,Card,4.6929717,26501.0,3441.0,"1,000,000+",1711155,9.99,False,Everyone 10+,"Sep 24, 2024",1778754691.0,1.8,https://www.playbalatro.com/mobile
484,Battle of Warships: Online,MobileGDC,Action,4.3269424,648026.0,14991.0,"50,000,000+",65382040,0.0,True,Everyone 10+,"May 5, 2017",1777978399.0,1.74.12,https://mobilegdc.net/
485,Madden NFL 26 Mobile Football,ELECTRONIC ARTS,Sports,4.4654293,254734.0,82953.0,"10,000,000+",22100351,0.0,True,Everyone,"Aug 4, 2020",1776700893.0,12.2.0,https://help.ea.com/en/help-top-issues/?product=madden-nfl-25-mobile
486,Teen Patti Gold:3 Patti Rummy,Moonfrog,Casino,4.4373736,1985648.0,5878.0,"100,000,000+",141399098,0.0,True,Everyone 10+,"Oct 8, 2014",1783010037.0,31.78,http://moonfroglabs.com
487,Two Dots: Brain Puzzle Games,PlayDots,Board,4.273731,1158483.0,87683.0,"50,000,000+",71195398,0.0,True,Everyone,"Nov 12, 2014",1782992506.0,26.29.00,https://www.socialpoint.es/games/two-dots
488,Bowling Fury: Ten Pin King,Yakuto,Sports,4.52,5207.0,317.0,"500,000+",607081,0.0,True,Everyone,"Jul 17, 2024",1760111008.0,1.14.2.3716,https://www.yaku.to
489,World of Cricket :Championship,AppOn Innovate,Sports,3.81,163401.0,54.0,"10,000,000+",48207875,0.0,True,Everyone,"Apr 13, 2017",1775038887.0,14.4,http://www.appon.co.in
490,Bike Race Pro by T. F. Games,Wildlife Studios,Racing,4.245378,25098.0,5124.0,"100,000+",293580,0.99,False,Everyone,"Mar 15, 2013",1694558446.0,8.3.4,http://www.topfreegames.com
491,Word Cookies! ®,BitMango,Word,4.5343833,2287322.0,535264.0,"50,000,000+",52579142,0.0,True,Everyone,"Dec 8, 2016",1782258532.0,2613.0.0,https://www.bitmango.com
492,Real Cricket™ GO,Nautilus Mobile,Sports,3.6,375453.0,299.0,"50,000,000+",76102235,0.0,True,Everyone,"Jan 28, 2019",1779280833.0,0.2.5,http://www.nautilusmobile.com
493,Subway Surfers,SYBO Games,Arcade,4.5525136,41634872.0,1759823.0,"1,000,000,000+",2894765262,0.0,True,Everyone 10+,"Sep 20, 2012",1782632118.0,3.65.1,https://sybogames.com/
494,Gin Rummy - Online Card Games,SNG Games,Card,4.4484534,14131.0,606.0,"1,000,000+",1304426,0.0,True,Teen,"Jun 1, 2020",1781788129.0,3.0.52,https://www.sngict.com/
495,Fishing Clash: Sport Simulator,Ten Square Games,Simulation,4.7381544,1937494.0,94364.0,"100,000,000+",145195413,0.0,True,Everyone,"Oct 24, 2017",1782371532.0,1.0.475,https://tensquaregames.com
496,Lowriders Comeback: Boulevard,Beast Bros. Games,Music,4.22,933.0,250.0,"50,000+",57933,1.99,False,Teen,"Dec 6, 2024",1782142443.0,0.2.17,https://montana-games.com/faq/
497,Carrom Pool: Disc Game,Miniclip.com,Sports,4.472468,7748105.0,8048.0,"500,000,000+",625527576,0.0,True,Everyone,"Mar 26, 2019",1782988723.0,19.1.0,https://www.miniclip.com
498,Rise of Kingdoms: Lost Crusade,LilithGames,Strategy,4.461875,2539021.0,78228.0,"50,000,000+",94056167,0.0,True,Everyone 10+,"May 24, 2018",1782376441.0,1.1.9.19,https://rok.lilith.com/en
499,ULT College Football Coach,Games2rk,Sports,4.37,1024.0,345.0,"50,000+",53817,0.0,True,Everyone,"Jul 27, 2024",1781251644.0,1.3.0,https://2rk.games
500,Battle Gang－Beast Fight Games,Kimura LLC,Action,4.6262627,74970.0,739.0,"10,000,000+",10065249,0.0,True,Everyone 10+,"Aug 16, 2023",1768588591.0,0.6.26,https://kimura.games
501,Word City: Connect Word Game,Unico Games Studio,Word,4.7708135,222760.0,4463.0,"5,000,000+",8881189,0.0,True,Everyone,"Dec 13, 2017",1775991985.0,4.2.39,https://unicogames.com.tr/
502,Cafe Racer,Alex Symeonidis,Racing,4.550045,165905.0,5361.0,"10,000,000+",25839299,0.0,True,Everyone,"Sep 13, 2016",1779169484.0,24,http://www.caferacergame.com
503,Warline: Sniper Strike,Powerfantasy HK Limited,Strategy,4.6568627,26322.0,118.0,"1,000,000+",1005488,0.0,True,Teen,"Jun 11, 2026",1781168563.0,1.0.01,
504,Fruit Ninja 2 Fun Action Games,Halfbrick Studios,Action,4.154681,63492.0,2239.0,"10,000,000+",21742620,0.0,True,Everyone,"Nov 5, 2020",1779383218.0,2.54.0,http://www.halfbrick.com
505,Dirt Bike Games for Kids,Yateland Games for kids,Racing,4.12,8626.0,37.0,"1,000,000+",3272035,0.0,True,Everyone,"Nov 20, 2023",1773813423.0,1.1.9,https://yateland.com
506,Manor Matters,Playrix,Adventure,4.744083,822877.0,19524.0,"10,000,000+",39990962,0.0,True,Teen,"Apr 28, 2020",1780494040.0,6.7.1,https://www.playrix.com/
507,Parchisi STAR Online,Gameberry Labs,Board,4.6885324,3283316.0,22013.0,"100,000,000+",164128451,0.0,True,Everyone,"Feb 17, 2017",1783352440.0,1.310.1,https://www.gameberrylabs.com
508,Age of Empires Mobile,Level Infinite,Strategy,4.1505156,448134.0,9867.0,"10,000,000+",13225923,0.0,True,Teen,"Oct 15, 2024",1779356246.0,1.12.100.0,
509,FR3 - Multiplayer Games,Dirtybit,Racing,4.4212112,288866.0,43310.0,"10,000,000+",24399814,0.0,True,Everyone 10+,"Nov 30, 2016",1783406099.0,4.64.0,http://support.dirtybit.com/
510,Adventure Bay - Farm Games,GAMEGOS,Adventure,4.642857,91383.0,1415.0,"5,000,000+",5182464,0.0,True,Everyone,"Feb 12, 2022",1782498406.0,1.70.17,https://www.gamegos.com/
511,Battleship: The Board Game,Marmalade Game Studio,Board,3.6333334,3173.0,641.0,"100,000+",150034,2.99,False,Everyone,"May 3, 2018",1760546705.0,1.4.0,https://marmaladegamestudio.com/
512,Supreme Duelist,Neron's Brother,Action,4.542854,2011994.0,36372.0,"100,000,000+",373373894,0.0,True,Everyone,"Jul 16, 2018",1783351919.0,4.0.5,https://neronsbrother.com
513,Top Eleven Be a Soccer Manager,Nordeus,Sports,4.496491,7045442.0,66551.0,"100,000,000+",179189312,0.0,True,Everyone,"Oct 19, 2011",1782976612.0,Varies with device,https://www.topeleven.com
514,Coin Master - Board Adventure,Moon Active,Casual,4.7094016,53309.0,4428.0,"5,000,000+",5745278,0.0,True,Everyone,"Feb 5, 2026",1783353772.0,3.5.2583,http://moonactive.zendesk.com
515,Family Feud® Live!,Ludia Games Inc.,Trivia,3.4748657,43444.0,18188.0,"5,000,000+",8196466,0.0,True,Teen,"Mar 14, 2017",1759760557.0,2.26.3,https://www.ludia.com
516,Real Cricket™,"KRAFTON, Inc.",Sports,4.2414775,1130090.0,1069.0,"50,000,000+",79150133,0.0,True,Everyone,"Aug 10, 2022",1782398641.0,5.1,https://realcricket.krafton.com/
517,Bouncemasters: Penguin Games,CASUAL AZUR GAMES,Arcade,4.4865713,577500.0,23082.0,"100,000,000+",142275586,0.0,True,Everyone,"Sep 15, 2018",1782471343.0,2.15.0,https://aigames.ae/
518,Smash Cricket,Moonfrog,Sports,4.3,68729.0,114.0,"5,000,000+",9646947,0.0,True,Everyone,"Nov 18, 2015",1470382686.0,1.0.21,http://moonfroglabs.com
519,Wuthering Waves × Cyberpunk,HK KURO GAMES LIMITED,Action,4.3442364,500292.0,11470.0,"10,000,000+",16152691,0.0,True,Teen,"May 17, 2024",,Varies with device,https://wutheringwaves.kurogames.com/
520,Wayground,Quizizz Inc.,Education,4.6983094,218892.0,2973.0,"10,000,000+",21373754,0.0,True,Everyone,"Sep 11, 2017",1763093089.0,8.20,https://quizizz.com
521,Ultimate QB: Football Legend,Games2rk,Sports,3.92,800.0,258.0,"50,000+",50334,0.0,True,Everyone,"May 15, 2025",1780603814.0,1.3.1,https://2rk.games
522,Scatter Slots - Slot Machines,Murka Games Limited,Casino,4.629838,1629843.0,294197.0,"10,000,000+",26801272,0.0,True,Mature 17+,"Apr 6, 2015",1782400855.0,5.95.0,https://murka.com
523,Word Search - Word Puzzle Game,Bluetile,Word,4.799743,749838.0,15616.0,"100,000,000+",110750299,0.0,True,Everyone,"Nov 14, 2020",1781277361.0,4.3.0,https://www.bluetile.com/
524,Color Block: Combo Blast,Ivy,Puzzle,4.526549,44547.0,614.0,"10,000,000+",44824768,0.0,True,Everyone,"Apr 17, 2019",1783423348.0,5.5.1,http://www.ivymobilegame.com/
525,OSM 25/26 Soccer Manager Game,Gamebasics BV,Sports,4.634793,2656592.0,17591.0,"50,000,000+",87560063,0.0,True,Everyone,"Oct 4, 2012",1782389829.0,4.1.3.1,https://www.gamebasics.nl/
526,Prison Escape Puzzle Adventure,Big Giant Games,Adventure,4.2439246,274631.0,4011.0,"10,000,000+",41198249,0.0,True,Everyone 10+,"May 6, 2015",1782651920.0,20,https://biggiant-games.com
527,METAL SLUG 3 ACA NEOGEO,SNK CORPORATION,Action,4.034483,236.0,9.0,"10,000+",26943,3.99,False,Teen,"Nov 7, 2023",1763350540.0,1.2.1,https://www.snk-corp.co.jp/faq/
528,Car Parking Multiplayer,olzhass,Simulation,4.534539,3138530.0,38084.0,"100,000,000+",230333593,0.0,True,Everyone,"Mar 20, 2017",1779852739.0,4.9.9,http://olzhass.net/Car_Parking_Multiplayer_Privacy_Policy.html
529,Diggy's Adventure Puzzle Game,"PIXEL FEDERATION, s.r.o.",Adventure,4.400423,537731.0,40850.0,"10,000,000+",31982075,0.0,True,Everyone,"Oct 11, 2016",1781600194.0,2.17.1,https://www.pixelfederation.com
530,CarX Highway Racing,CarX Technologies,Racing,4.6995792,1928390.0,17958.0,"100,000,000+",109634097,0.0,True,Everyone,"Jul 26, 2017",1765087962.0,1.75.8,https://x-gaming-lab.com/
531,Mahjong Blast,Nebula  Studio,Board,4.9047737,1786166.0,12803.0,"50,000,000+",65489993,0.0,True,Everyone,"Jun 23, 2025",1783338673.0,2.6.1,https://www.hurelax.com/
532,BMX Space,"DRSV, LLC.",Sports,4.578783,42702.0,1769.0,"10,000,000+",20041236,0.0,True,Everyone,"Sep 19, 2020",1781264973.0,1.038,http://drsv.jp/
533,WordBrain - Word puzzle game,MAG Interactive,Word,4.4494467,951662.0,150734.0,"10,000,000+",18071317,0.0,True,Everyone,"May 5, 2015",1779187184.0,1.50.1,https://www.maginteractive.com
534,Jetpack Joyride Racing,Halfbrick Studios,Racing,3.4761906,488.0,22.0,"100,000+",122107,0.0,True,Everyone,"Apr 8, 2026",1781767622.0,1.1.4,http://www.halfbrick.com/contact
535,Score! Match - PvP Soccer,First Touch Games Ltd.,Sports,4.143345,1190959.0,9476.0,"100,000,000+",118041481,0.0,True,Everyone,"Mar 7, 2018",1779197285.0,2.620,http://www.ftgames.com
536,Dream League Soccer 2026,First Touch Games Ltd.,Sports,4.4623494,14267135.0,91251.0,"100,000,000+",435656693,0.0,True,Everyone,"Jan 14, 2020",1781882261.0,13.340,http://www.ftgames.com
537,Phase 10: Casual Card Game,Mattel163 Limited,Card,4.737238,618957.0,58046.0,"10,000,000+",16470107,0.0,True,Everyone,"Oct 11, 2019",1782994835.0,1.14.8941,https://www.mattel163.com/
538,Ticket to Ride®,Marmalade Game Studio,Board,3.9944134,4766.0,761.0,"50,000+",87595,4.99,False,Everyone,"Dec 12, 2023",1778054707.0,1.11.0,https://www.marmaladegamestudio.com/
539,Erudite: Trivia Games & Quiz,Mioris LTD,Trivia,4.667049,182051.0,1018.0,"5,000,000+",5503871,0.0,True,Everyone,"Nov 29, 2021",1781875728.0,3.26.1,https://erudite.games/
540,Basketball Arena: Sport Game,Masomo Gaming,Sports,4.736535,305867.0,10702.0,"10,000,000+",35215561,0.0,True,Everyone,"Nov 11, 2020",1776859983.0,1.132.2,https://www.masomo.com
541,Tile Match: Triple Puzzle Game,LinkDesks Daily Puzzle,Puzzle,4.865224,359595.0,3204.0,"50,000,000+",54809208,0.0,True,Everyone,"Dec 1, 2023",1783409807.0,4.6.2.40047,http://linkdesks.net
542,World War 2:WW2 Strategy Games,Joynow Studio,Strategy,4.059091,16708.0,664.0,"1,000,000+",2573151,0.0,True,Teen,"Jan 13, 2020",1780556865.0,3.5.3,http://www.joynowstudio.com/
543,Hunter Assassin,Ruby Games AS,Action,4.2170715,4313058.0,32778.0,"500,000,000+",697637688,0.0,True,Everyone 10+,"Oct 9, 2019",1779365648.0,2.041,http://rubygamestudio.com
544,Robbery Bob 2: Double Trouble,Deca_Games,Action,4.282306,1015487.0,5094.0,"100,000,000+",188455650,0.0,True,Everyone 10+,"Jun 4, 2015",1777287255.0,1.20.1,https://decagames.com
545,World War 2: Strategy Games,Joynow Studio,Strategy,4.662484,41126.0,2618.0,"1,000,000+",3939924,0.0,True,Teen,"Feb 13, 2021",1782895802.0,1187,http://www.joynowstudio.com/
546,Rhythm Hive,DRIMAGE,Music,4.4168453,323792.0,4828.0,"10,000,000+",10933845,0.0,True,Everyone,"Feb 1, 2021",1781864094.0,2026.6.0,https://rhythmhive.drimage.com/
547,March of Empires: War Games,Gameloft SE,Strategy,3.9840236,361216.0,9505.0,"10,000,000+",35566684,0.0,True,Everyone 10+,"Aug 4, 2015",1782714694.0,Varies with device,http://www.gameloft.com/
548,Last War:Survival Game,FUNFLY PTE. LTD.,Strategy,4.641038,2026115.0,27164.0,"100,000,000+",111452366,0.0,True,Teen,"Jun 8, 2023",1782831269.0,Varies with device,https://www.lastwar.com/home.html
549,Avatar World ®,Pazu Games,Role Playing,4.7285724,6175034.0,71225.0,"100,000,000+",251526166,0.0,True,Everyone,"Dec 12, 2022",1783001006.0,1.215,http://pazugames.com
550,Iron Marines Offline Strategy,Ironhide Games,Strategy,4.6577144,127318.0,6329.0,"1,000,000+",4020535,0.0,True,Teen,"Sep 13, 2017",1774377704.0,1.9.20,https://www.ironhidegames.com
551,Soul Knight,ChillyRoom,Action,4.5951047,1758717.0,27891.0,"50,000,000+",99720313,0.0,True,Everyone 10+,"Feb 16, 2017",1780023910.0,8.3.0,http://www.chillyroom.com
552,Car games for toddlers & kids,Amaya Kids - learning games for 3-5 years old,Educational,3.68,9758.0,204.0,"10,000,000+",12487553,0.0,True,Everyone,"Jul 10, 2018",1782714126.0,2.34.0,https://amayakids.com
553,FPS Strike Ops : Modern Arena,FPS Shooter & Action Game,Adventure,4.5751567,326090.0,1828.0,"100,000,000+",151710174,0.0,True,Teen,"May 17, 2024",1782461774.0,1.8.0,https://j14d00d8.app-ads-txt.com
554,Mortal Kombat,Warner Bros. International Enterprises,Action,3.9980643,4563421.0,195085.0,"100,000,000+",147611643,0.0,True,Mature 17+,"May 4, 2015",1776115250.0,7.2.1,http://warnerbrosgames.com/
555,Trivia Crack Premium Quiz Game,etermax,Trivia,4.5421953,85922.0,15053.0,"500,000+",791144,6.99,False,Everyone,"Oct 24, 2013",1783368376.0,3.376.0,https://www.etermax.com
556,Dragon Coding Games for kids,Yateland Games for kids,Educational,5.0,71.0,0.0,"10,000+",27656,0.0,True,Everyone,"Apr 27, 2026",1777283035.0,1.0.3,https://yateland.com
557,Whiteout Survival,Century Games PTE. LTD.,Strategy,4.1248765,1533861.0,40509.0,"50,000,000+",96935254,0.0,True,Everyone 10+,"Feb 9, 2023",1782831329.0,Varies with device,https://www.centurygames.com/games/whiteout-survival/
558,Slots: Heart of Vegas Casino,Product Madness,Casino,4.6597304,482954.0,85656.0,"10,000,000+",25245986,0.0,True,Teen,"Jul 20, 2015",1782369370.0,7.6.295,http://www.productmadness.com
559,Adventure Escape Mysteries,Haiku Games,Adventure,4.6361947,206086.0,9599.0,"10,000,000+",15482085,0.0,True,Teen,"Dec 22, 2018",1781536812.0,39.01,http://www.haikugames.com
560,Black Lotus (F2P Adventure),Friendly Fox Games,Adventure,4.57,8113.0,310.0,"100,000+",495740,0.0,True,Everyone,"Jun 30, 2023",1776780030.0,1.3.5g,https://friendlyfox.studio/
561,Soccer Superstar,Real Freestyle Soccer,Sports,4.6951385,3271413.0,27043.0,"100,000,000+",452223918,0.0,True,Everyone,"Sep 28, 2020",1783346860.0,0.3.72,http://soccer-star-52646070.firebaseapp.com
562,Dead Ahead: Zombie bike racing,Mobirate,Action,4.1835165,95788.0,4024.0,"1,000,000+",4603404,0.0,True,Everyone 10+,"Aug 4, 2017",1780152381.0,1.3.120274,http://www.mobirate.com
563,Harry Potter: Hogwarts Mystery,"Jam City, Inc.",Adventure,4.5633225,2966662.0,159489.0,"50,000,000+",85873636,0.0,True,Teen,"Apr 24, 2018",1782941064.0,7.2.0,https://www.jamcity.com
564,Gin Rummy Stars - Card Game,Beach Bum Ltd.,Card,4.8616767,374514.0,33140.0,"10,000,000+",10667875,0.0,True,Everyone,"Jan 9, 2020",1783313885.0,3.23.203,https://www.bbumgames.com
565,Idle Guy: Life Simulator games,Heatherglade Publishing,Simulation,4.535951,421615.0,12570.0,"10,000,000+",28765897,0.0,True,Teen,"Aug 7, 2020",1783334951.0,1.12.2.552,https://heatherglade.com
566,Mad Skills Motocross 3,Turborilla,Racing,4.178767,112483.0,6218.0,"50,000,000+",76853236,0.0,True,Everyone,"May 24, 2021",1782689908.0,5.1.0,https://www.turborilla.com/
567,Cryptogram: Word Logic Puzzles,Gismart,Word,4.6160035,420941.0,9808.0,"10,000,000+",38493733,0.0,True,Everyone,"Aug 18, 2023",1782977455.0,3.4.0,https://joyteractive.com/
568,Game of Words: Word Puzzles,DreamLoft,Word,4.7539377,205317.0,17094.0,"5,000,000+",5240658,0.0,True,Everyone,"Apr 3, 2018",1777817863.0,1.9.75,https://www.dreamloftgames.com
569,The Spike Cross - Volleyball,SUNCYAN,Sports,4.4736843,695191.0,3392.0,"50,000,000+",62351817,0.0,True,Everyone 10+,"Apr 27, 2021",1782867854.0,[7.5.105] v7.5.105,https://www.suncyan.com
570,Associate Words: Solitaire,Astrasen Global,Word,4.859649,26150.0,324.0,"1,000,000+",1575176,0.0,True,Everyone,"Nov 3, 2025",1782310579.0,1.260,https://astrasen.com/
571,NYT Games: Wordle & Crossword,The New York Times Company,Word,4.7603474,135463.0,11199.0,"10,000,000+",11031876,0.0,True,Everyone,"Nov 17, 2016",1783356919.0,6.33.0,http://www.nytimes.com/crosswords/index.html
572,Plants vs. Zombies™,ELECTRONIC ARTS,Strategy,3.7699625,5731953.0,116806.0,"500,000,000+",639087606,0.0,True,Everyone 10+,"Nov 13, 2014",1777880498.0,3.16.0,http://ea.com/android
573,Empire: Four Kingdoms,Goodgame Studios,Strategy,3.707478,1296001.0,38594.0,"50,000,000+",56766603,0.0,True,Everyone,24 Jun 2013,1782893351.0,4.136.43,https://www.goodgamestudios.com
574,Bike Race：Motorcycle Games,Wildlife Studios,Racing,4.427676,3072908.0,317465.0,"100,000,000+",304196374,0.0,True,Everyone,"Jul 23, 2012",1782740063.0,8.17.2,https://wildlifestudios.com/
575,Epic Battles Online,BestiaGames,Strategy,3.85,19626.0,451.0,"5,000,000+",9659301,0.0,True,Teen,"Jun 11, 2021",1762197041.0,10.1,https://www.webpsilon.com/
576,Rush Bike 3D: Bike Racing Game,GAMEXIS,Arcade,4.1588783,2934.0,18.0,"1,000,000+",1197842,0.0,True,Everyone,"Dec 25, 2025",1782795963.0,2.2,https://gamexis.com/
577,Age of Magic: Turn Based RPG,Playkot LTD,Role Playing,4.593217,519267.0,15790.0,"10,000,000+",18680506,0.0,True,Teen,"Sep 19, 2018",1783104975.0,3.7.3,https://playkot.com/
578,BrownDust2 - Full Burst RPG,NEOWIZ,Role Playing,4.130798,123550.0,3919.0,"1,000,000+",4330821,0.0,True,Mature 17+,"Jun 15, 2023",,Varies with device,http://www.browndust2.com
579,Argon: Modern Retro Gaming,"Mark/Space, Inc.",Arcade,4.27,4336.0,121.0,"1,000,000+",1240631,0.0,True,Everyone,"Oct 13, 2022",1757625122.0,Varies with device,http://www.markspace.com
580,Everyday Puzzles: Mini Games,"Fanatee, Inc.",Trivia,4.38665,78558.0,2472.0,"5,000,000+",9443219,0.0,True,Everyone,"Jan 19, 2022",1783369024.0,13.4.0,https://fanatee.com
581,Jackpot Party Casino Slots,SciPlay,Casino,4.6519284,1198936.0,279054.0,"10,000,000+",35651374,0.0,True,Teen,"Jun 3, 2013",1783028332.0,5070.01,https://www.jackpotparty.com
582,Plants vs. Zombies™ Heroes,ELECTRONIC ARTS,Card,4.0716133,843989.0,40243.0,"50,000,000+",58034427,0.0,True,Everyone,"Oct 17, 2016",1780553510.0,1.66.7,http://www.ea.com/android
583,God of Cricket,Deftouch,Sports,4.125,17020.0,2.0,"5,000,000+",5675416,0.0,True,Everyone,"Apr 1, 2026",1782922898.0,0.3.0,https://deftouch.com/
584,Adventure Trivia Crack,etermax,Trivia,4.496148,168917.0,4136.0,"10,000,000+",12777272,0.0,True,Everyone,"Nov 17, 2020",1779476279.0,2.107.0,https://www.etermax.com
585,Words With Friends Word Game,Zynga,Word,4.0876656,521221.0,143743.0,"10,000,000+",41147983,0.0,True,Everyone,"Nov 7, 2017",1782940999.0,57.00.03,http://www.zynga.com
586,Nitro Nation: Car Racing Game,Supercharge Mobile,Racing,4.3947344,1575091.0,68184.0,"50,000,000+",69497200,0.0,True,Everyone,"Apr 2, 2014",1780415063.0,8.6.0,https://www.superchargemobile.app/
587,Into the Dead 2,PIKPOK,Action,4.5480437,713758.0,28800.0,"10,000,000+",45481590,0.0,True,Mature 17+,"Oct 11, 2017",1780354052.0,1.85.0,http://www.pikpok.com
588,My Perfect Hotel,SayGames Ltd,Arcade,4.5575476,1777637.0,17314.0,"100,000,000+",194303261,0.0,True,Everyone,"Apr 13, 2022",1783095376.0,1.34.0,https://say.games/
589,Holyscapes - Bible Word Game,Oakever Games,Word,4.785714,31234.0,3966.0,"500,000+",537096,0.0,True,Everyone,"Feb 11, 2022",1781618293.0,1.61.0,https://oakevergames.com/
590,"Minecraft: Dream it, Build it!",Mojang,Arcade,4.315539,5716043.0,633461.0,"50,000,000+",91490216,6.99,False,Everyone 10+,"Aug 15, 2011",1782338684.0,1.26.32.2,http://help.mojang.com
591,Triple Tile: Match Puzzle Game,Tripledot Studios Limited,Casual,4.8345056,1054881.0,21797.0,"50,000,000+",74419488,0.0,True,Everyone,"Jul 29, 2021",1781598528.0,2.75.03,https://www.tripledotstudios.com
592,Zombie Sniper War 3 - Fire FPS,JE Software AB,Action,4.6639175,142658.0,3933.0,"10,000,000+",11874015,0.0,True,Mature 17+,"Aug 24, 2022",1782487223.0,2.0,https://www.jesoftware.se
593,Soccer Duel: Football Game,Miniclip.com,Sports,4.58,11391.0,40.0,"1,000,000+",1902077,0.0,True,Everyone,"Sep 9, 2024",1761043391.0,9.3.0,https://www.miniclip.com/
594,Race Craft - Kids Car Games,Budge Studios,Racing,4.6065574,35021.0,946.0,"10,000,000+",20210929,0.0,True,Everyone,"Mar 5, 2020",1770054369.0,2026.1.0,http://www.budgestudios.com
